unsigned char prog2[] = {
  0x7f, 0x45, 0x4c, 0x46, 0x02, 0x01, 0x01, 0x00, 0x00, 0x00, 0x00, 0x00,
  0x00, 0x00, 0x00, 0x00, 0x03, 0x00, 0x3e, 0x00, 0x01, 0x00, 0x00, 0x00,
  0x10, 0x12, 0x00, 0x00, 0x00, 0x00, 0x00, 0x00, 0x40, 0x00, 0x00, 0x00,
  0x00, 0x00, 0x00, 0x00, 0xe8, 0x5c, 0x00, 0x00, 0x00, 0x00, 0x00, 0x00,
  0x00, 0x00, 0x00, 0x00, 0x40, 0x00, 0x38, 0x00, 0x0d, 0x00, 0x40, 0x00,
  0x25, 0x00, 0x24, 0x00, 0x06, 0x00, 0x00, 0x00, 0x04, 0x00, 0x00, 0x00,
  0x40, 0x00, 0x00, 0x00, 0x00, 0x00, 0x00, 0x00, 0x40, 0x00, 0x00, 0x00,
  0x00, 0x00, 0x00, 0x00, 0x40, 0x00, 0x00, 0x00, 0x00, 0x00, 0x00, 0x00,
  0xd8, 0x02, 0x00, 0x00, 0x00, 0x00, 0x00, 0x00, 0xd8, 0x02, 0x00, 0x00,
  0x00, 0x00, 0x00, 0x00, 0x08, 0x00, 0x00, 0x00, 0x00, 0x00, 0x00, 0x00,
  0x03, 0x00, 0x00, 0x00, 0x04, 0x00, 0x00, 0x00, 0x18, 0x03, 0x00, 0x00,
  0x00, 0x00, 0x00, 0x00, 0x18, 0x03, 0x00, 0x00, 0x00, 0x00, 0x00, 0x00,
  0x18, 0x03, 0x00, 0x00, 0x00, 0x00, 0x00, 0x00, 0x1c, 0x00, 0x00, 0x00,
  0x00, 0x00, 0x00, 0x00, 0x1c, 0x00, 0x00, 0x00, 0x00, 0x00, 0x00, 0x00,
  0x01, 0x00, 0x00, 0x00, 0x00, 0x00, 0x00, 0x00, 0x01, 0x00, 0x00, 0x00,
  0x04, 0x00, 0x00, 0x00, 0x00, 0x00, 0x00, 0x00, 0x00, 0x00, 0x00, 0x00,
  0x00, 0x00, 0x00, 0x00, 0x00, 0x00, 0x00, 0x00, 0x00, 0x00, 0x00, 0x00,
  0x00, 0x00, 0x00, 0x00, 0xe0, 0x0d, 0x00, 0x00, 0x00, 0x00, 0x00, 0x00,
  0xe0, 0x0d, 0x00, 0x00, 0x00, 0x00, 0x00, 0x00, 0x00, 0x10, 0x00, 0x00,
  0x00, 0x00, 0x00, 0x00, 0x01, 0x00, 0x00, 0x00, 0x05, 0x00, 0x00, 0x00,
  0x00, 0x10, 0x00, 0x00, 0x00, 0x00, 0x00, 0x00, 0x00, 0x10, 0x00, 0x00,
  0x00, 0x00, 0x00, 0x00, 0x00, 0x10, 0x00, 0x00, 0x00, 0x00, 0x00, 0x00,
  0xad, 0x07, 0x00, 0x00, 0x00, 0x00, 0x00, 0x00, 0xad, 0x07, 0x00, 0x00,
  0x00, 0x00, 0x00, 0x00, 0x00, 0x10, 0x00, 0x00, 0x00, 0x00, 0x00, 0x00,
  0x01, 0x00, 0x00, 0x00, 0x04, 0x00, 0x00, 0x00, 0x00, 0x20, 0x00, 0x00,
  0x00, 0x00, 0x00, 0x00, 0x00, 0x20, 0x00, 0x00, 0x00, 0x00, 0x00, 0x00,
  0x00, 0x20, 0x00, 0x00, 0x00, 0x00, 0x00, 0x00, 0xc8, 0x01, 0x00, 0x00,
  0x00, 0x00, 0x00, 0x00, 0xc8, 0x01, 0x00, 0x00, 0x00, 0x00, 0x00, 0x00,
  0x00, 0x10, 0x00, 0x00, 0x00, 0x00, 0x00, 0x00, 0x01, 0x00, 0x00, 0x00,
  0x06, 0x00, 0x00, 0x00, 0xb0, 0x2d, 0x00, 0x00, 0x00, 0x00, 0x00, 0x00,
  0xb0, 0x3d, 0x00, 0x00, 0x00, 0x00, 0x00, 0x00, 0xb0, 0x3d, 0x00, 0x00,
  0x00, 0x00, 0x00, 0x00, 0x98, 0x0b, 0x00, 0x00, 0x00, 0x00, 0x00, 0x00,
  0xc0, 0x0b, 0x00, 0x00, 0x00, 0x00, 0x00, 0x00, 0x00, 0x10, 0x00, 0x00,
  0x00, 0x00, 0x00, 0x00, 0x02, 0x00, 0x00, 0x00, 0x06, 0x00, 0x00, 0x00,
  0xc0, 0x2d, 0x00, 0x00, 0x00, 0x00, 0x00, 0x00, 0xc0, 0x3d, 0x00, 0x00,
  0x00, 0x00, 0x00, 0x00, 0xc0, 0x3d, 0x00, 0x00, 0x00, 0x00, 0x00, 0x00,
  0x00, 0x02, 0x00, 0x00, 0x00, 0x00, 0x00, 0x00, 0x00, 0x02, 0x00, 0x00,
  0x00, 0x00, 0x00, 0x00, 0x08, 0x00, 0x00, 0x00, 0x00, 0x00, 0x00, 0x00,
  0x04, 0x00, 0x00, 0x00, 0x04, 0x00, 0x00, 0x00, 0x38, 0x03, 0x00, 0x00,
  0x00, 0x00, 0x00, 0x00, 0x38, 0x03, 0x00, 0x00, 0x00, 0x00, 0x00, 0x00,
  0x38, 0x03, 0x00, 0x00, 0x00, 0x00, 0x00, 0x00, 0x40, 0x00, 0x00, 0x00,
  0x00, 0x00, 0x00, 0x00, 0x40, 0x00, 0x00, 0x00, 0x00, 0x00, 0x00, 0x00,
  0x08, 0x00, 0x00, 0x00, 0x00, 0x00, 0x00, 0x00, 0x04, 0x00, 0x00, 0x00,
  0x04, 0x00, 0x00, 0x00, 0x78, 0x03, 0x00, 0x00, 0x00, 0x00, 0x00, 0x00,
  0x78, 0x03, 0x00, 0x00, 0x00, 0x00, 0x00, 0x00, 0x78, 0x03, 0x00, 0x00,
  0x00, 0x00, 0x00, 0x00, 0x44, 0x00, 0x00, 0x00, 0x00, 0x00, 0x00, 0x00,
  0x44, 0x00, 0x00, 0x00, 0x00, 0x00, 0x00, 0x00, 0x04, 0x00, 0x00, 0x00,
  0x00, 0x00, 0x00, 0x00, 0x53, 0xe5, 0x74, 0x64, 0x04, 0x00, 0x00, 0x00,
  0x38, 0x03, 0x00, 0x00, 0x00, 0x00, 0x00, 0x00, 0x38, 0x03, 0x00, 0x00,
  0x00, 0x00, 0x00, 0x00, 0x38, 0x03, 0x00, 0x00, 0x00, 0x00, 0x00, 0x00,
  0x40, 0x00, 0x00, 0x00, 0x00, 0x00, 0x00, 0x00, 0x40, 0x00, 0x00, 0x00,
  0x00, 0x00, 0x00, 0x00, 0x08, 0x00, 0x00, 0x00, 0x00, 0x00, 0x00, 0x00,
  0x50, 0xe5, 0x74, 0x64, 0x04, 0x00, 0x00, 0x00, 0x60, 0x20, 0x00, 0x00,
  0x00, 0x00, 0x00, 0x00, 0x60, 0x20, 0x00, 0x00, 0x00, 0x00, 0x00, 0x00,
  0x60, 0x20, 0x00, 0x00, 0x00, 0x00, 0x00, 0x00, 0x4c, 0x00, 0x00, 0x00,
  0x00, 0x00, 0x00, 0x00, 0x4c, 0x00, 0x00, 0x00, 0x00, 0x00, 0x00, 0x00,
  0x04, 0x00, 0x00, 0x00, 0x00, 0x00, 0x00, 0x00, 0x51, 0xe5, 0x74, 0x64,
  0x06, 0x00, 0x00, 0x00, 0x00, 0x00, 0x00, 0x00, 0x00, 0x00, 0x00, 0x00,
  0x00, 0x00, 0x00, 0x00, 0x00, 0x00, 0x00, 0x00, 0x00, 0x00, 0x00, 0x00,
  0x00, 0x00, 0x00, 0x00, 0x00, 0x00, 0x00, 0x00, 0x00, 0x00, 0x00, 0x00,
  0x00, 0x00, 0x00, 0x00, 0x00, 0x00, 0x00, 0x00, 0x10, 0x00, 0x00, 0x00,
  0x00, 0x00, 0x00, 0x00, 0x52, 0xe5, 0x74, 0x64, 0x04, 0x00, 0x00, 0x00,
  0xb0, 0x2d, 0x00, 0x00, 0x00, 0x00, 0x00, 0x00, 0xb0, 0x3d, 0x00, 0x00,
  0x00, 0x00, 0x00, 0x00, 0xb0, 0x3d, 0x00, 0x00, 0x00, 0x00, 0x00, 0x00,
  0x50, 0x02, 0x00, 0x00, 0x00, 0x00, 0x00, 0x00, 0x50, 0x02, 0x00, 0x00,
  0x00, 0x00, 0x00, 0x00, 0x01, 0x00, 0x00, 0x00, 0x00, 0x00, 0x00, 0x00,
  0x2f, 0x6c, 0x69, 0x62, 0x36, 0x34, 0x2f, 0x6c, 0x64, 0x2d, 0x6c, 0x69,
  0x6e, 0x75, 0x78, 0x2d, 0x78, 0x38, 0x36, 0x2d, 0x36, 0x34, 0x2e, 0x73,
  0x6f, 0x2e, 0x32, 0x00, 0x00, 0x00, 0x00, 0x00, 0x04, 0x00, 0x00, 0x00,
  0x30, 0x00, 0x00, 0x00, 0x05, 0x00, 0x00, 0x00, 0x47, 0x4e, 0x55, 0x00,
  0x02, 0x80, 0x00, 0xc0, 0x04, 0x00, 0x00, 0x00, 0x01, 0x00, 0x00, 0x00,
  0x00, 0x00, 0x00, 0x00, 0x01, 0x00, 0x01, 0xc0, 0x04, 0x00, 0x00, 0x00,
  0x01, 0x00, 0x00, 0x00, 0x00, 0x00, 0x00, 0x00, 0x02, 0x00, 0x01, 0xc0,
  0x04, 0x00, 0x00, 0x00, 0x00, 0x00, 0x00, 0x00, 0x00, 0x00, 0x00, 0x00,
  0x04, 0x00, 0x00, 0x00, 0x14, 0x00, 0x00, 0x00, 0x03, 0x00, 0x00, 0x00,
  0x47, 0x4e, 0x55, 0x00, 0x01, 0x02, 0x6c, 0xc6, 0x30, 0x6b, 0x17, 0x66,
  0xa0, 0xcc, 0x67, 0xc8, 0xbc, 0x2c, 0xe3, 0xf4, 0xfd, 0xe7, 0xd6, 0xbf,
  0x04, 0x00, 0x00, 0x00, 0x10, 0x00, 0x00, 0x00, 0x01, 0x00, 0x00, 0x00,
  0x47, 0x4e, 0x55, 0x00, 0x00, 0x00, 0x00, 0x00, 0x04, 0x00, 0x00, 0x00,
  0x04, 0x00, 0x00, 0x00, 0x00, 0x00, 0x00, 0x00, 0x00, 0x00, 0x00, 0x00,
  0x02, 0x00, 0x00, 0x00, 0x24, 0x00, 0x00, 0x00, 0x01, 0x00, 0x00, 0x00,
  0x06, 0x00, 0x00, 0x00, 0x00, 0x01, 0x00, 0x00, 0x00, 0x00, 0x00, 0x02,
  0x00, 0x00, 0x00, 0x00, 0x24, 0x00, 0x00, 0x00, 0x39, 0xf2, 0x8b, 0x1c,
  0x00, 0x00, 0x00, 0x00, 0x00, 0x00, 0x00, 0x00, 0x00, 0x00, 0x00, 0x00,
  0x00, 0x00, 0x00, 0x00, 0x00, 0x00, 0x00, 0x00, 0x00, 0x00, 0x00, 0x00,
  0x00, 0x00, 0x00, 0x00, 0xe9, 0x00, 0x00, 0x00, 0x12, 0x00, 0x00, 0x00,
  0x00, 0x00, 0x00, 0x00, 0x00, 0x00, 0x00, 0x00, 0x00, 0x00, 0x00, 0x00,
  0x00, 0x00, 0x00, 0x00, 0x4b, 0x01, 0x00, 0x00, 0x12, 0x00, 0x00, 0x00,
  0x00, 0x00, 0x00, 0x00, 0x00, 0x00, 0x00, 0x00, 0x00, 0x00, 0x00, 0x00,
  0x00, 0x00, 0x00, 0x00, 0x46, 0x01, 0x00, 0x00, 0x12, 0x00, 0x00, 0x00,
  0x00, 0x00, 0x00, 0x00, 0x00, 0x00, 0x00, 0x00, 0x00, 0x00, 0x00, 0x00,
  0x00, 0x00, 0x00, 0x00, 0x51, 0x01, 0x00, 0x00, 0x12, 0x00, 0x00, 0x00,
  0x00, 0x00, 0x00, 0x00, 0x00, 0x00, 0x00, 0x00, 0x00, 0x00, 0x00, 0x00,
  0x00, 0x00, 0x00, 0x00, 0xa8, 0x01, 0x00, 0x00, 0x12, 0x00, 0x00, 0x00,
  0x00, 0x00, 0x00, 0x00, 0x00, 0x00, 0x00, 0x00, 0x00, 0x00, 0x00, 0x00,
  0x00, 0x00, 0x00, 0x00, 0x08, 0x01, 0x00, 0x00, 0x12, 0x00, 0x00, 0x00,
  0x00, 0x00, 0x00, 0x00, 0x00, 0x00, 0x00, 0x00, 0x00, 0x00, 0x00, 0x00,
  0x00, 0x00, 0x00, 0x00, 0x99, 0x01, 0x00, 0x00, 0x22, 0x00, 0x00, 0x00,
  0x00, 0x00, 0x00, 0x00, 0x00, 0x00, 0x00, 0x00, 0x00, 0x00, 0x00, 0x00,
  0x00, 0x00, 0x00, 0x00, 0x58, 0x01, 0x00, 0x00, 0x12, 0x00, 0x00, 0x00,
  0x00, 0x00, 0x00, 0x00, 0x00, 0x00, 0x00, 0x00, 0x00, 0x00, 0x00, 0x00,
  0x00, 0x00, 0x00, 0x00, 0x0f, 0x01, 0x00, 0x00, 0x12, 0x00, 0x00, 0x00,
  0x00, 0x00, 0x00, 0x00, 0x00, 0x00, 0x00, 0x00, 0x00, 0x00, 0x00, 0x00,
  0x00, 0x00, 0x00, 0x00, 0xae, 0x01, 0x00, 0x00, 0x12, 0x00, 0x00, 0x00,
  0x00, 0x00, 0x00, 0x00, 0x00, 0x00, 0x00, 0x00, 0x00, 0x00, 0x00, 0x00,
  0x00, 0x00, 0x00, 0x00, 0x8a, 0x00, 0x00, 0x00, 0x12, 0x00, 0x00, 0x00,
  0x00, 0x00, 0x00, 0x00, 0x00, 0x00, 0x00, 0x00, 0x00, 0x00, 0x00, 0x00,
  0x00, 0x00, 0x00, 0x00, 0x93, 0x00, 0x00, 0x00, 0x12, 0x00, 0x00, 0x00,
  0x00, 0x00, 0x00, 0x00, 0x00, 0x00, 0x00, 0x00, 0x00, 0x00, 0x00, 0x00,
  0x00, 0x00, 0x00, 0x00, 0x83, 0x01, 0x00, 0x00, 0x12, 0x00, 0x00, 0x00,
  0x00, 0x00, 0x00, 0x00, 0x00, 0x00, 0x00, 0x00, 0x00, 0x00, 0x00, 0x00,
  0x00, 0x00, 0x00, 0x00, 0x9e, 0x00, 0x00, 0x00, 0x12, 0x00, 0x00, 0x00,
  0x00, 0x00, 0x00, 0x00, 0x00, 0x00, 0x00, 0x00, 0x00, 0x00, 0x00, 0x00,
  0x00, 0x00, 0x00, 0x00, 0x71, 0x01, 0x00, 0x00, 0x12, 0x00, 0x00, 0x00,
  0x00, 0x00, 0x00, 0x00, 0x00, 0x00, 0x00, 0x00, 0x00, 0x00, 0x00, 0x00,
  0x00, 0x00, 0x00, 0x00, 0x29, 0x01, 0x00, 0x00, 0x12, 0x00, 0x00, 0x00,
  0x00, 0x00, 0x00, 0x00, 0x00, 0x00, 0x00, 0x00, 0x00, 0x00, 0x00, 0x00,
  0x00, 0x00, 0x00, 0x00, 0x6d, 0x00, 0x00, 0x00, 0x12, 0x00, 0x00, 0x00,
  0x00, 0x00, 0x00, 0x00, 0x00, 0x00, 0x00, 0x00, 0x00, 0x00, 0x00, 0x00,
  0x00, 0x00, 0x00, 0x00, 0xcc, 0x00, 0x00, 0x00, 0x12, 0x00, 0x00, 0x00,
  0x00, 0x00, 0x00, 0x00, 0x00, 0x00, 0x00, 0x00, 0x00, 0x00, 0x00, 0x00,
  0x00, 0x00, 0x00, 0x00, 0xba, 0x00, 0x00, 0x00, 0x12, 0x00, 0x00, 0x00,
  0x00, 0x00, 0x00, 0x00, 0x00, 0x00, 0x00, 0x00, 0x00, 0x00, 0x00, 0x00,
  0x00, 0x00, 0x00, 0x00, 0x5f, 0x01, 0x00, 0x00, 0x12, 0x00, 0x00, 0x00,
  0x00, 0x00, 0x00, 0x00, 0x00, 0x00, 0x00, 0x00, 0x00, 0x00, 0x00, 0x00,
  0x00, 0x00, 0x00, 0x00, 0x30, 0x01, 0x00, 0x00, 0x12, 0x00, 0x00, 0x00,
  0x00, 0x00, 0x00, 0x00, 0x00, 0x00, 0x00, 0x00, 0x00, 0x00, 0x00, 0x00,
  0x00, 0x00, 0x00, 0x00, 0x60, 0x00, 0x00, 0x00, 0x12, 0x00, 0x00, 0x00,
  0x00, 0x00, 0x00, 0x00, 0x00, 0x00, 0x00, 0x00, 0x00, 0x00, 0x00, 0x00,
  0x00, 0x00, 0x00, 0x00, 0x92, 0x01, 0x00, 0x00, 0x12, 0x00, 0x00, 0x00,
  0x00, 0x00, 0x00, 0x00, 0x00, 0x00, 0x00, 0x00, 0x00, 0x00, 0x00, 0x00,
  0x00, 0x00, 0x00, 0x00, 0x41, 0x01, 0x00, 0x00, 0x12, 0x00, 0x00, 0x00,
  0x00, 0x00, 0x00, 0x00, 0x00, 0x00, 0x00, 0x00, 0x00, 0x00, 0x00, 0x00,
  0x00, 0x00, 0x00, 0x00, 0x6a, 0x01, 0x00, 0x00, 0x12, 0x00, 0x00, 0x00,
  0x00, 0x00, 0x00, 0x00, 0x00, 0x00, 0x00, 0x00, 0x00, 0x00, 0x00, 0x00,
  0x00, 0x00, 0x00, 0x00, 0x7e, 0x00, 0x00, 0x00, 0x12, 0x00, 0x00, 0x00,
  0x00, 0x00, 0x00, 0x00, 0x00, 0x00, 0x00, 0x00, 0x00, 0x00, 0x00, 0x00,
  0x00, 0x00, 0x00, 0x00, 0x23, 0x01, 0x00, 0x00, 0x12, 0x00, 0x00, 0x00,
  0x00, 0x00, 0x00, 0x00, 0x00, 0x00, 0x00, 0x00, 0x00, 0x00, 0x00, 0x00,
  0x00, 0x00, 0x00, 0x00, 0x46, 0x00, 0x00, 0x00, 0x12, 0x00, 0x00, 0x00,
  0x00, 0x00, 0x00, 0x00, 0x00, 0x00, 0x00, 0x00, 0x00, 0x00, 0x00, 0x00,
  0x00, 0x00, 0x00, 0x00, 0x01, 0x00, 0x00, 0x00, 0x20, 0x00, 0x00, 0x00,
  0x00, 0x00, 0x00, 0x00, 0x00, 0x00, 0x00, 0x00, 0x00, 0x00, 0x00, 0x00,
  0x00, 0x00, 0x00, 0x00, 0x04, 0x01, 0x00, 0x00, 0x12, 0x00, 0x00, 0x00,
  0x00, 0x00, 0x00, 0x00, 0x00, 0x00, 0x00, 0x00, 0x00, 0x00, 0x00, 0x00,
  0x00, 0x00, 0x00, 0x00, 0x1d, 0x00, 0x00, 0x00, 0x20, 0x00, 0x00, 0x00,
  0x00, 0x00, 0x00, 0x00, 0x00, 0x00, 0x00, 0x00, 0x00, 0x00, 0x00, 0x00,
  0x00, 0x00, 0x00, 0x00, 0x2c, 0x00, 0x00, 0x00, 0x20, 0x00, 0x00, 0x00,
  0x00, 0x00, 0x00, 0x00, 0x00, 0x00, 0x00, 0x00, 0x00, 0x00, 0x00, 0x00,
  0x00, 0x00, 0x00, 0x00, 0xc2, 0x00, 0x00, 0x00, 0x12, 0x00, 0x00, 0x00,
  0x00, 0x00, 0x00, 0x00, 0x00, 0x00, 0x00, 0x00, 0x00, 0x00, 0x00, 0x00,
  0x00, 0x00, 0x00, 0x00, 0x6b, 0x01, 0x00, 0x00, 0x12, 0x00, 0x00, 0x00,
  0x00, 0x00, 0x00, 0x00, 0x00, 0x00, 0x00, 0x00, 0x00, 0x00, 0x00, 0x00,
  0x00, 0x00, 0x00, 0x00, 0xf2, 0x00, 0x00, 0x00, 0x12, 0x00, 0x00, 0x00,
  0x00, 0x00, 0x00, 0x00, 0x00, 0x00, 0x00, 0x00, 0x00, 0x00, 0x00, 0x00,
  0x00, 0x00, 0x00, 0x00, 0x8b, 0x01, 0x00, 0x00, 0x11, 0x00, 0x19, 0x00,
  0x60, 0x49, 0x00, 0x00, 0x00, 0x00, 0x00, 0x00, 0x08, 0x00, 0x00, 0x00,
  0x00, 0x00, 0x00, 0x00, 0x00, 0x5f, 0x49, 0x54, 0x4d, 0x5f, 0x64, 0x65,
  0x72, 0x65, 0x67, 0x69, 0x73, 0x74, 0x65, 0x72, 0x54, 0x4d, 0x43, 0x6c,
  0x6f, 0x6e, 0x65, 0x54, 0x61, 0x62, 0x6c, 0x65, 0x00, 0x5f, 0x5f, 0x67,
  0x6d, 0x6f, 0x6e, 0x5f, 0x73, 0x74, 0x61, 0x72, 0x74, 0x5f, 0x5f, 0x00,
  0x5f, 0x49, 0x54, 0x4d, 0x5f, 0x72, 0x65, 0x67, 0x69, 0x73, 0x74, 0x65,
  0x72, 0x54, 0x4d, 0x43, 0x6c, 0x6f, 0x6e, 0x65, 0x54, 0x61, 0x62, 0x6c,
  0x65, 0x00, 0x53, 0x53, 0x4c, 0x5f, 0x43, 0x54, 0x58, 0x5f, 0x63, 0x68,
  0x65, 0x63, 0x6b, 0x5f, 0x70, 0x72, 0x69, 0x76, 0x61, 0x74, 0x65, 0x5f,
  0x6b, 0x65, 0x79, 0x00, 0x53, 0x53, 0x4c, 0x5f, 0x73, 0x68, 0x75, 0x74,
  0x64, 0x6f, 0x77, 0x6e, 0x00, 0x4f, 0x50, 0x45, 0x4e, 0x53, 0x53, 0x4c,
  0x5f, 0x69, 0x6e, 0x69, 0x74, 0x5f, 0x73, 0x73, 0x6c, 0x00, 0x53, 0x53,
  0x4c, 0x5f, 0x43, 0x54, 0x58, 0x5f, 0x6e, 0x65, 0x77, 0x00, 0x53, 0x53,
  0x4c, 0x5f, 0x66, 0x72, 0x65, 0x65, 0x00, 0x53, 0x53, 0x4c, 0x5f, 0x73,
  0x65, 0x74, 0x5f, 0x66, 0x64, 0x00, 0x53, 0x53, 0x4c, 0x5f, 0x43, 0x54,
  0x58, 0x5f, 0x75, 0x73, 0x65, 0x5f, 0x50, 0x72, 0x69, 0x76, 0x61, 0x74,
  0x65, 0x4b, 0x65, 0x79, 0x5f, 0x41, 0x53, 0x4e, 0x31, 0x00, 0x53, 0x53,
  0x4c, 0x5f, 0x6e, 0x65, 0x77, 0x00, 0x53, 0x53, 0x4c, 0x5f, 0x77, 0x72,
  0x69, 0x74, 0x65, 0x00, 0x53, 0x53, 0x4c, 0x5f, 0x43, 0x54, 0x58, 0x5f,
  0x75, 0x73, 0x65, 0x5f, 0x63, 0x65, 0x72, 0x74, 0x69, 0x66, 0x69, 0x63,
  0x61, 0x74, 0x65, 0x5f, 0x41, 0x53, 0x4e, 0x31, 0x00, 0x53, 0x53, 0x4c,
  0x5f, 0x72, 0x65, 0x61, 0x64, 0x00, 0x54, 0x4c, 0x53, 0x5f, 0x73, 0x65,
  0x72, 0x76, 0x65, 0x72, 0x5f, 0x6d, 0x65, 0x74, 0x68, 0x6f, 0x64, 0x00,
  0x53, 0x53, 0x4c, 0x5f, 0x61, 0x63, 0x63, 0x65, 0x70, 0x74, 0x00, 0x45,
  0x52, 0x52, 0x5f, 0x70, 0x72, 0x69, 0x6e, 0x74, 0x5f, 0x65, 0x72, 0x72,
  0x6f, 0x72, 0x73, 0x5f, 0x66, 0x70, 0x00, 0x66, 0x67, 0x65, 0x74, 0x73,
  0x00, 0x70, 0x65, 0x72, 0x72, 0x6f, 0x72, 0x00, 0x5f, 0x5f, 0x73, 0x74,
  0x61, 0x63, 0x6b, 0x5f, 0x63, 0x68, 0x6b, 0x5f, 0x66, 0x61, 0x69, 0x6c,
  0x00, 0x65, 0x78, 0x69, 0x74, 0x00, 0x62, 0x69, 0x6e, 0x64, 0x00, 0x68,
  0x74, 0x6f, 0x6e, 0x73, 0x00, 0x73, 0x6f, 0x63, 0x6b, 0x65, 0x74, 0x00,
  0x73, 0x74, 0x72, 0x6c, 0x65, 0x6e, 0x00, 0x73, 0x74, 0x72, 0x63, 0x61,
  0x73, 0x65, 0x63, 0x6d, 0x70, 0x00, 0x70, 0x63, 0x6c, 0x6f, 0x73, 0x65,
  0x00, 0x5f, 0x5f, 0x6c, 0x69, 0x62, 0x63, 0x5f, 0x73, 0x74, 0x61, 0x72,
  0x74, 0x5f, 0x6d, 0x61, 0x69, 0x6e, 0x00, 0x73, 0x74, 0x72, 0x6e, 0x63,
  0x61, 0x74, 0x00, 0x73, 0x74, 0x64, 0x65, 0x72, 0x72, 0x00, 0x6c, 0x69,
  0x73, 0x74, 0x65, 0x6e, 0x00, 0x5f, 0x5f, 0x63, 0x78, 0x61, 0x5f, 0x66,
  0x69, 0x6e, 0x61, 0x6c, 0x69, 0x7a, 0x65, 0x00, 0x70, 0x6f, 0x70, 0x65,
  0x6e, 0x00, 0x6d, 0x65, 0x6d, 0x73, 0x65, 0x74, 0x00, 0x6c, 0x69, 0x62,
  0x73, 0x73, 0x6c, 0x2e, 0x73, 0x6f, 0x2e, 0x33, 0x00, 0x6c, 0x69, 0x62,
  0x63, 0x72, 0x79, 0x70, 0x74, 0x6f, 0x2e, 0x73, 0x6f, 0x2e, 0x33, 0x00,
  0x6c, 0x69, 0x62, 0x63, 0x2e, 0x73, 0x6f, 0x2e, 0x36, 0x00, 0x4f, 0x50,
  0x45, 0x4e, 0x53, 0x53, 0x4c, 0x5f, 0x33, 0x2e, 0x30, 0x2e, 0x30, 0x00,
  0x47, 0x4c, 0x49, 0x42, 0x43, 0x5f, 0x32, 0x2e, 0x34, 0x00, 0x47, 0x4c,
  0x49, 0x42, 0x43, 0x5f, 0x32, 0x2e, 0x33, 0x34, 0x00, 0x47, 0x4c, 0x49,
  0x42, 0x43, 0x5f, 0x32, 0x2e, 0x32, 0x2e, 0x35, 0x00, 0x00, 0x00, 0x00,
  0x02, 0x00, 0x03, 0x00, 0x03, 0x00, 0x03, 0x00, 0x03, 0x00, 0x03, 0x00,
  0x03, 0x00, 0x03, 0x00, 0x04, 0x00, 0x03, 0x00, 0x02, 0x00, 0x02, 0x00,
  0x03, 0x00, 0x02, 0x00, 0x05, 0x00, 0x03, 0x00, 0x02, 0x00, 0x02, 0x00,
  0x02, 0x00, 0x03, 0x00, 0x06, 0x00, 0x02, 0x00, 0x03, 0x00, 0x03, 0x00,
  0x03, 0x00, 0x02, 0x00, 0x03, 0x00, 0x02, 0x00, 0x01, 0x00, 0x02, 0x00,
  0x01, 0x00, 0x01, 0x00, 0x02, 0x00, 0x03, 0x00, 0x02, 0x00, 0x03, 0x00,
  0x00, 0x00, 0x00, 0x00, 0x01, 0x00, 0x01, 0x00, 0xc1, 0x01, 0x00, 0x00,
  0x10, 0x00, 0x00, 0x00, 0x20, 0x00, 0x00, 0x00, 0x20, 0x2b, 0x70, 0x06,
  0x00, 0x00, 0x04, 0x00, 0xda, 0x01, 0x00, 0x00, 0x00, 0x00, 0x00, 0x00,
  0x01, 0x00, 0x03, 0x00, 0xd0, 0x01, 0x00, 0x00, 0x10, 0x00, 0x00, 0x00,
  0x40, 0x00, 0x00, 0x00, 0x14, 0x69, 0x69, 0x0d, 0x00, 0x00, 0x06, 0x00,
  0xe8, 0x01, 0x00, 0x00, 0x10, 0x00, 0x00, 0x00, 0xb4, 0x91, 0x96, 0x06,
  0x00, 0x00, 0x05, 0x00, 0xf2, 0x01, 0x00, 0x00, 0x10, 0x00, 0x00, 0x00,
  0x75, 0x1a, 0x69, 0x09, 0x00, 0x00, 0x03, 0x00, 0xfd, 0x01, 0x00, 0x00,
  0x00, 0x00, 0x00, 0x00, 0x01, 0x00, 0x01, 0x00, 0xb5, 0x01, 0x00, 0x00,
  0x10, 0x00, 0x00, 0x00, 0x00, 0x00, 0x00, 0x00, 0x20, 0x2b, 0x70, 0x06,
  0x00, 0x00, 0x02, 0x00, 0xda, 0x01, 0x00, 0x00, 0x00, 0x00, 0x00, 0x00,
  0xb0, 0x3d, 0x00, 0x00, 0x00, 0x00, 0x00, 0x00, 0x08, 0x00, 0x00, 0x00,
  0x00, 0x00, 0x00, 0x00, 0x00, 0x13, 0x00, 0x00, 0x00, 0x00, 0x00, 0x00,
  0xb8, 0x3d, 0x00, 0x00, 0x00, 0x00, 0x00, 0x00, 0x08, 0x00, 0x00, 0x00,
  0x00, 0x00, 0x00, 0x00, 0xb0, 0x12, 0x00, 0x00, 0x00, 0x00, 0x00, 0x00,
  0x08, 0x41, 0x00, 0x00, 0x00, 0x00, 0x00, 0x00, 0x08, 0x00, 0x00, 0x00,
  0x00, 0x00, 0x00, 0x00, 0x08, 0x41, 0x00, 0x00, 0x00, 0x00, 0x00, 0x00,
  0xc0, 0x3f, 0x00, 0x00, 0x00, 0x00, 0x00, 0x00, 0x06, 0x00, 0x00, 0x00,
  0x07, 0x00, 0x00, 0x00, 0x00, 0x00, 0x00, 0x00, 0x00, 0x00, 0x00, 0x00,
  0xc8, 0x3f, 0x00, 0x00, 0x00, 0x00, 0x00, 0x00, 0x06, 0x00, 0x00, 0x00,
  0x0f, 0x00, 0x00, 0x00, 0x00, 0x00, 0x00, 0x00, 0x00, 0x00, 0x00, 0x00,
  0xd0, 0x3f, 0x00, 0x00, 0x00, 0x00, 0x00, 0x00, 0x06, 0x00, 0x00, 0x00,
  0x1d, 0x00, 0x00, 0x00, 0x00, 0x00, 0x00, 0x00, 0x00, 0x00, 0x00, 0x00,
  0xd8, 0x3f, 0x00, 0x00, 0x00, 0x00, 0x00, 0x00, 0x06, 0x00, 0x00, 0x00,
  0x1f, 0x00, 0x00, 0x00, 0x00, 0x00, 0x00, 0x00, 0x00, 0x00, 0x00, 0x00,
  0xe0, 0x3f, 0x00, 0x00, 0x00, 0x00, 0x00, 0x00, 0x06, 0x00, 0x00, 0x00,
  0x20, 0x00, 0x00, 0x00, 0x00, 0x00, 0x00, 0x00, 0x00, 0x00, 0x00, 0x00,
  0x60, 0x49, 0x00, 0x00, 0x00, 0x00, 0x00, 0x00, 0x05, 0x00, 0x00, 0x00,
  0x24, 0x00, 0x00, 0x00, 0x00, 0x00, 0x00, 0x00, 0x00, 0x00, 0x00, 0x00,
  0x00, 0x40, 0x00, 0x00, 0x00, 0x00, 0x00, 0x00, 0x07, 0x00, 0x00, 0x00,
  0x01, 0x00, 0x00, 0x00, 0x00, 0x00, 0x00, 0x00, 0x00, 0x00, 0x00, 0x00,
  0x08, 0x40, 0x00, 0x00, 0x00, 0x00, 0x00, 0x00, 0x07, 0x00, 0x00, 0x00,
  0x02, 0x00, 0x00, 0x00, 0x00, 0x00, 0x00, 0x00, 0x00, 0x00, 0x00, 0x00,
  0x10, 0x40, 0x00, 0x00, 0x00, 0x00, 0x00, 0x00, 0x07, 0x00, 0x00, 0x00,
  0x03, 0x00, 0x00, 0x00, 0x00, 0x00, 0x00, 0x00, 0x00, 0x00, 0x00, 0x00,
  0x18, 0x40, 0x00, 0x00, 0x00, 0x00, 0x00, 0x00, 0x07, 0x00, 0x00, 0x00,
  0x04, 0x00, 0x00, 0x00, 0x00, 0x00, 0x00, 0x00, 0x00, 0x00, 0x00, 0x00,
  0x20, 0x40, 0x00, 0x00, 0x00, 0x00, 0x00, 0x00, 0x07, 0x00, 0x00, 0x00,
  0x05, 0x00, 0x00, 0x00, 0x00, 0x00, 0x00, 0x00, 0x00, 0x00, 0x00, 0x00,
  0x28, 0x40, 0x00, 0x00, 0x00, 0x00, 0x00, 0x00, 0x07, 0x00, 0x00, 0x00,
  0x06, 0x00, 0x00, 0x00, 0x00, 0x00, 0x00, 0x00, 0x00, 0x00, 0x00, 0x00,
  0x30, 0x40, 0x00, 0x00, 0x00, 0x00, 0x00, 0x00, 0x07, 0x00, 0x00, 0x00,
  0x08, 0x00, 0x00, 0x00, 0x00, 0x00, 0x00, 0x00, 0x00, 0x00, 0x00, 0x00,
  0x38, 0x40, 0x00, 0x00, 0x00, 0x00, 0x00, 0x00, 0x07, 0x00, 0x00, 0x00,
  0x09, 0x00, 0x00, 0x00, 0x00, 0x00, 0x00, 0x00, 0x00, 0x00, 0x00, 0x00,
  0x40, 0x40, 0x00, 0x00, 0x00, 0x00, 0x00, 0x00, 0x07, 0x00, 0x00, 0x00,
  0x0a, 0x00, 0x00, 0x00, 0x00, 0x00, 0x00, 0x00, 0x00, 0x00, 0x00, 0x00,
  0x48, 0x40, 0x00, 0x00, 0x00, 0x00, 0x00, 0x00, 0x07, 0x00, 0x00, 0x00,
  0x0b, 0x00, 0x00, 0x00, 0x00, 0x00, 0x00, 0x00, 0x00, 0x00, 0x00, 0x00,
  0x50, 0x40, 0x00, 0x00, 0x00, 0x00, 0x00, 0x00, 0x07, 0x00, 0x00, 0x00,
  0x0c, 0x00, 0x00, 0x00, 0x00, 0x00, 0x00, 0x00, 0x00, 0x00, 0x00, 0x00,
  0x58, 0x40, 0x00, 0x00, 0x00, 0x00, 0x00, 0x00, 0x07, 0x00, 0x00, 0x00,
  0x0d, 0x00, 0x00, 0x00, 0x00, 0x00, 0x00, 0x00, 0x00, 0x00, 0x00, 0x00,
  0x60, 0x40, 0x00, 0x00, 0x00, 0x00, 0x00, 0x00, 0x07, 0x00, 0x00, 0x00,
  0x0e, 0x00, 0x00, 0x00, 0x00, 0x00, 0x00, 0x00, 0x00, 0x00, 0x00, 0x00,
  0x68, 0x40, 0x00, 0x00, 0x00, 0x00, 0x00, 0x00, 0x07, 0x00, 0x00, 0x00,
  0x10, 0x00, 0x00, 0x00, 0x00, 0x00, 0x00, 0x00, 0x00, 0x00, 0x00, 0x00,
  0x70, 0x40, 0x00, 0x00, 0x00, 0x00, 0x00, 0x00, 0x07, 0x00, 0x00, 0x00,
  0x11, 0x00, 0x00, 0x00, 0x00, 0x00, 0x00, 0x00, 0x00, 0x00, 0x00, 0x00,
  0x78, 0x40, 0x00, 0x00, 0x00, 0x00, 0x00, 0x00, 0x07, 0x00, 0x00, 0x00,
  0x12, 0x00, 0x00, 0x00, 0x00, 0x00, 0x00, 0x00, 0x00, 0x00, 0x00, 0x00,
  0x80, 0x40, 0x00, 0x00, 0x00, 0x00, 0x00, 0x00, 0x07, 0x00, 0x00, 0x00,
  0x13, 0x00, 0x00, 0x00, 0x00, 0x00, 0x00, 0x00, 0x00, 0x00, 0x00, 0x00,
  0x88, 0x40, 0x00, 0x00, 0x00, 0x00, 0x00, 0x00, 0x07, 0x00, 0x00, 0x00,
  0x14, 0x00, 0x00, 0x00, 0x00, 0x00, 0x00, 0x00, 0x00, 0x00, 0x00, 0x00,
  0x90, 0x40, 0x00, 0x00, 0x00, 0x00, 0x00, 0x00, 0x07, 0x00, 0x00, 0x00,
  0x15, 0x00, 0x00, 0x00, 0x00, 0x00, 0x00, 0x00, 0x00, 0x00, 0x00, 0x00,
  0x98, 0x40, 0x00, 0x00, 0x00, 0x00, 0x00, 0x00, 0x07, 0x00, 0x00, 0x00,
  0x16, 0x00, 0x00, 0x00, 0x00, 0x00, 0x00, 0x00, 0x00, 0x00, 0x00, 0x00,
  0xa0, 0x40, 0x00, 0x00, 0x00, 0x00, 0x00, 0x00, 0x07, 0x00, 0x00, 0x00,
  0x17, 0x00, 0x00, 0x00, 0x00, 0x00, 0x00, 0x00, 0x00, 0x00, 0x00, 0x00,
  0xa8, 0x40, 0x00, 0x00, 0x00, 0x00, 0x00, 0x00, 0x07, 0x00, 0x00, 0x00,
  0x18, 0x00, 0x00, 0x00, 0x00, 0x00, 0x00, 0x00, 0x00, 0x00, 0x00, 0x00,
  0xb0, 0x40, 0x00, 0x00, 0x00, 0x00, 0x00, 0x00, 0x07, 0x00, 0x00, 0x00,
  0x19, 0x00, 0x00, 0x00, 0x00, 0x00, 0x00, 0x00, 0x00, 0x00, 0x00, 0x00,
  0xb8, 0x40, 0x00, 0x00, 0x00, 0x00, 0x00, 0x00, 0x07, 0x00, 0x00, 0x00,
  0x1a, 0x00, 0x00, 0x00, 0x00, 0x00, 0x00, 0x00, 0x00, 0x00, 0x00, 0x00,
  0xc0, 0x40, 0x00, 0x00, 0x00, 0x00, 0x00, 0x00, 0x07, 0x00, 0x00, 0x00,
  0x1b, 0x00, 0x00, 0x00, 0x00, 0x00, 0x00, 0x00, 0x00, 0x00, 0x00, 0x00,
  0xc8, 0x40, 0x00, 0x00, 0x00, 0x00, 0x00, 0x00, 0x07, 0x00, 0x00, 0x00,
  0x1c, 0x00, 0x00, 0x00, 0x00, 0x00, 0x00, 0x00, 0x00, 0x00, 0x00, 0x00,
  0xd0, 0x40, 0x00, 0x00, 0x00, 0x00, 0x00, 0x00, 0x07, 0x00, 0x00, 0x00,
  0x1e, 0x00, 0x00, 0x00, 0x00, 0x00, 0x00, 0x00, 0x00, 0x00, 0x00, 0x00,
  0xd8, 0x40, 0x00, 0x00, 0x00, 0x00, 0x00, 0x00, 0x07, 0x00, 0x00, 0x00,
  0x21, 0x00, 0x00, 0x00, 0x00, 0x00, 0x00, 0x00, 0x00, 0x00, 0x00, 0x00,
  0xe0, 0x40, 0x00, 0x00, 0x00, 0x00, 0x00, 0x00, 0x07, 0x00, 0x00, 0x00,
  0x22, 0x00, 0x00, 0x00, 0x00, 0x00, 0x00, 0x00, 0x00, 0x00, 0x00, 0x00,
  0xe8, 0x40, 0x00, 0x00, 0x00, 0x00, 0x00, 0x00, 0x07, 0x00, 0x00, 0x00,
  0x23, 0x00, 0x00, 0x00, 0x00, 0x00, 0x00, 0x00, 0x00, 0x00, 0x00, 0x00,
  0x00, 0x00, 0x00, 0x00, 0x00, 0x00, 0x00, 0x00, 0x00, 0x00, 0x00, 0x00,
  0x00, 0x00, 0x00, 0x00, 0x00, 0x00, 0x00, 0x00, 0x00, 0x00, 0x00, 0x00,
  0x00, 0x00, 0x00, 0x00, 0x00, 0x00, 0x00, 0x00, 0x00, 0x00, 0x00, 0x00,
  0x00, 0x00, 0x00, 0x00, 0x00, 0x00, 0x00, 0x00, 0x00, 0x00, 0x00, 0x00,
  0x00, 0x00, 0x00, 0x00, 0x00, 0x00, 0x00, 0x00, 0x00, 0x00, 0x00, 0x00,
  0x00, 0x00, 0x00, 0x00, 0x00, 0x00, 0x00, 0x00, 0x00, 0x00, 0x00, 0x00,
  0x00, 0x00, 0x00, 0x00, 0x00, 0x00, 0x00, 0x00, 0x00, 0x00, 0x00, 0x00,
  0x00, 0x00, 0x00, 0x00, 0x00, 0x00, 0x00, 0x00, 0x00, 0x00, 0x00, 0x00,
  0x00, 0x00, 0x00, 0x00, 0x00, 0x00, 0x00, 0x00, 0x00, 0x00, 0x00, 0x00,
  0x00, 0x00, 0x00, 0x00, 0x00, 0x00, 0x00, 0x00, 0x00, 0x00, 0x00, 0x00,
  0x00, 0x00, 0x00, 0x00, 0x00, 0x00, 0x00, 0x00, 0x00, 0x00, 0x00, 0x00,
  0x00, 0x00, 0x00, 0x00, 0x00, 0x00, 0x00, 0x00, 0x00, 0x00, 0x00, 0x00,
  0x00, 0x00, 0x00, 0x00, 0x00, 0x00, 0x00, 0x00, 0x00, 0x00, 0x00, 0x00,
  0x00, 0x00, 0x00, 0x00, 0x00, 0x00, 0x00, 0x00, 0x00, 0x00, 0x00, 0x00,
  0x00, 0x00, 0x00, 0x00, 0x00, 0x00, 0x00, 0x00, 0x00, 0x00, 0x00, 0x00,
  0x00, 0x00, 0x00, 0x00, 0x00, 0x00, 0x00, 0x00, 0x00, 0x00, 0x00, 0x00,
  0x00, 0x00, 0x00, 0x00, 0x00, 0x00, 0x00, 0x00, 0x00, 0x00, 0x00, 0x00,
  0x00, 0x00, 0x00, 0x00, 0x00, 0x00, 0x00, 0x00, 0x00, 0x00, 0x00, 0x00,
  0x00, 0x00, 0x00, 0x00, 0x00, 0x00, 0x00, 0x00, 0x00, 0x00, 0x00, 0x00,
  0x00, 0x00, 0x00, 0x00, 0x00, 0x00, 0x00, 0x00, 0x00, 0x00, 0x00, 0x00,
  0x00, 0x00, 0x00, 0x00, 0x00, 0x00, 0x00, 0x00, 0x00, 0x00, 0x00, 0x00,
  0x00, 0x00, 0x00, 0x00, 0x00, 0x00, 0x00, 0x00, 0x00, 0x00, 0x00, 0x00,
  0x00, 0x00, 0x00, 0x00, 0x00, 0x00, 0x00, 0x00, 0x00, 0x00, 0x00, 0x00,
  0x00, 0x00, 0x00, 0x00, 0x00, 0x00, 0x00, 0x00, 0x00, 0x00, 0x00, 0x00,
  0x00, 0x00, 0x00, 0x00, 0x00, 0x00, 0x00, 0x00, 0x00, 0x00, 0x00, 0x00,
  0x00, 0x00, 0x00, 0x00, 0x00, 0x00, 0x00, 0x00, 0x00, 0x00, 0x00, 0x00,
  0x00, 0x00, 0x00, 0x00, 0x00, 0x00, 0x00, 0x00, 0x00, 0x00, 0x00, 0x00,
  0x00, 0x00, 0x00, 0x00, 0x00, 0x00, 0x00, 0x00, 0x00, 0x00, 0x00, 0x00,
  0x00, 0x00, 0x00, 0x00, 0x00, 0x00, 0x00, 0x00, 0x00, 0x00, 0x00, 0x00,
  0x00, 0x00, 0x00, 0x00, 0x00, 0x00, 0x00, 0x00, 0x00, 0x00, 0x00, 0x00,
  0x00, 0x00, 0x00, 0x00, 0x00, 0x00, 0x00, 0x00, 0x00, 0x00, 0x00, 0x00,
  0x00, 0x00, 0x00, 0x00, 0x00, 0x00, 0x00, 0x00, 0x00, 0x00, 0x00, 0x00,
  0x00, 0x00, 0x00, 0x00, 0x00, 0x00, 0x00, 0x00, 0x00, 0x00, 0x00, 0x00,
  0x00, 0x00, 0x00, 0x00, 0x00, 0x00, 0x00, 0x00, 0x00, 0x00, 0x00, 0x00,
  0x00, 0x00, 0x00, 0x00, 0x00, 0x00, 0x00, 0x00, 0x00, 0x00, 0x00, 0x00,
  0x00, 0x00, 0x00, 0x00, 0x00, 0x00, 0x00, 0x00, 0x00, 0x00, 0x00, 0x00,
  0x00, 0x00, 0x00, 0x00, 0x00, 0x00, 0x00, 0x00, 0x00, 0x00, 0x00, 0x00,
  0x00, 0x00, 0x00, 0x00, 0x00, 0x00, 0x00, 0x00, 0x00, 0x00, 0x00, 0x00,
  0x00, 0x00, 0x00, 0x00, 0x00, 0x00, 0x00, 0x00, 0x00, 0x00, 0x00, 0x00,
  0x00, 0x00, 0x00, 0x00, 0x00, 0x00, 0x00, 0x00, 0x00, 0x00, 0x00, 0x00,
  0x00, 0x00, 0x00, 0x00, 0x00, 0x00, 0x00, 0x00, 0x00, 0x00, 0x00, 0x00,
  0x00, 0x00, 0x00, 0x00, 0x00, 0x00, 0x00, 0x00, 0x00, 0x00, 0x00, 0x00,
  0x00, 0x00, 0x00, 0x00, 0x00, 0x00, 0x00, 0x00, 0x00, 0x00, 0x00, 0x00,
  0x00, 0x00, 0x00, 0x00, 0x00, 0x00, 0x00, 0x00, 0x00, 0x00, 0x00, 0x00,
  0x00, 0x00, 0x00, 0x00, 0x00, 0x00, 0x00, 0x00, 0x00, 0x00, 0x00, 0x00,
  0x00, 0x00, 0x00, 0x00, 0xf3, 0x0f, 0x1e, 0xfa, 0x48, 0x83, 0xec, 0x08,
  0x48, 0x8b, 0x05, 0xc9, 0x2f, 0x00, 0x00, 0x48, 0x85, 0xc0, 0x74, 0x02,
  0xff, 0xd0, 0x48, 0x83, 0xc4, 0x08, 0xc3, 0x00, 0x00, 0x00, 0x00, 0x00,
  0xff, 0x35, 0xca, 0x2f, 0x00, 0x00, 0xff, 0x25, 0xcc, 0x2f, 0x00, 0x00,
  0x0f, 0x1f, 0x40, 0x00, 0xff, 0x25, 0xca, 0x2f, 0x00, 0x00, 0x68, 0x00,
  0x00, 0x00, 0x00, 0xe9, 0xe0, 0xff, 0xff, 0xff, 0xff, 0x25, 0xc2, 0x2f,
  0x00, 0x00, 0x68, 0x01, 0x00, 0x00, 0x00, 0xe9, 0xd0, 0xff, 0xff, 0xff,
  0xff, 0x25, 0xba, 0x2f, 0x00, 0x00, 0x68, 0x02, 0x00, 0x00, 0x00, 0xe9,
  0xc0, 0xff, 0xff, 0xff, 0xff, 0x25, 0xb2, 0x2f, 0x00, 0x00, 0x68, 0x03,
  0x00, 0x00, 0x00, 0xe9, 0xb0, 0xff, 0xff, 0xff, 0xff, 0x25, 0xaa, 0x2f,
  0x00, 0x00, 0x68, 0x04, 0x00, 0x00, 0x00, 0xe9, 0xa0, 0xff, 0xff, 0xff,
  0xff, 0x25, 0xa2, 0x2f, 0x00, 0x00, 0x68, 0x05, 0x00, 0x00, 0x00, 0xe9,
  0x90, 0xff, 0xff, 0xff, 0xff, 0x25, 0x9a, 0x2f, 0x00, 0x00, 0x68, 0x06,
  0x00, 0x00, 0x00, 0xe9, 0x80, 0xff, 0xff, 0xff, 0xff, 0x25, 0x92, 0x2f,
  0x00, 0x00, 0x68, 0x07, 0x00, 0x00, 0x00, 0xe9, 0x70, 0xff, 0xff, 0xff,
  0xff, 0x25, 0x8a, 0x2f, 0x00, 0x00, 0x68, 0x08, 0x00, 0x00, 0x00, 0xe9,
  0x60, 0xff, 0xff, 0xff, 0xff, 0x25, 0x82, 0x2f, 0x00, 0x00, 0x68, 0x09,
  0x00, 0x00, 0x00, 0xe9, 0x50, 0xff, 0xff, 0xff, 0xff, 0x25, 0x7a, 0x2f,
  0x00, 0x00, 0x68, 0x0a, 0x00, 0x00, 0x00, 0xe9, 0x40, 0xff, 0xff, 0xff,
  0xff, 0x25, 0x72, 0x2f, 0x00, 0x00, 0x68, 0x0b, 0x00, 0x00, 0x00, 0xe9,
  0x30, 0xff, 0xff, 0xff, 0xff, 0x25, 0x6a, 0x2f, 0x00, 0x00, 0x68, 0x0c,
  0x00, 0x00, 0x00, 0xe9, 0x20, 0xff, 0xff, 0xff, 0xff, 0x25, 0x62, 0x2f,
  0x00, 0x00, 0x68, 0x0d, 0x00, 0x00, 0x00, 0xe9, 0x10, 0xff, 0xff, 0xff,
  0xff, 0x25, 0x5a, 0x2f, 0x00, 0x00, 0x68, 0x0e, 0x00, 0x00, 0x00, 0xe9,
  0x00, 0xff, 0xff, 0xff, 0xff, 0x25, 0x52, 0x2f, 0x00, 0x00, 0x68, 0x0f,
  0x00, 0x00, 0x00, 0xe9, 0xf0, 0xfe, 0xff, 0xff, 0xff, 0x25, 0x4a, 0x2f,
  0x00, 0x00, 0x68, 0x10, 0x00, 0x00, 0x00, 0xe9, 0xe0, 0xfe, 0xff, 0xff,
  0xff, 0x25, 0x42, 0x2f, 0x00, 0x00, 0x68, 0x11, 0x00, 0x00, 0x00, 0xe9,
  0xd0, 0xfe, 0xff, 0xff, 0xff, 0x25, 0x3a, 0x2f, 0x00, 0x00, 0x68, 0x12,
  0x00, 0x00, 0x00, 0xe9, 0xc0, 0xfe, 0xff, 0xff, 0xff, 0x25, 0x32, 0x2f,
  0x00, 0x00, 0x68, 0x13, 0x00, 0x00, 0x00, 0xe9, 0xb0, 0xfe, 0xff, 0xff,
  0xff, 0x25, 0x2a, 0x2f, 0x00, 0x00, 0x68, 0x14, 0x00, 0x00, 0x00, 0xe9,
  0xa0, 0xfe, 0xff, 0xff, 0xff, 0x25, 0x22, 0x2f, 0x00, 0x00, 0x68, 0x15,
  0x00, 0x00, 0x00, 0xe9, 0x90, 0xfe, 0xff, 0xff, 0xff, 0x25, 0x1a, 0x2f,
  0x00, 0x00, 0x68, 0x16, 0x00, 0x00, 0x00, 0xe9, 0x80, 0xfe, 0xff, 0xff,
  0xff, 0x25, 0x12, 0x2f, 0x00, 0x00, 0x68, 0x17, 0x00, 0x00, 0x00, 0xe9,
  0x70, 0xfe, 0xff, 0xff, 0xff, 0x25, 0x0a, 0x2f, 0x00, 0x00, 0x68, 0x18,
  0x00, 0x00, 0x00, 0xe9, 0x60, 0xfe, 0xff, 0xff, 0xff, 0x25, 0x02, 0x2f,
  0x00, 0x00, 0x68, 0x19, 0x00, 0x00, 0x00, 0xe9, 0x50, 0xfe, 0xff, 0xff,
  0xff, 0x25, 0xfa, 0x2e, 0x00, 0x00, 0x68, 0x1a, 0x00, 0x00, 0x00, 0xe9,
  0x40, 0xfe, 0xff, 0xff, 0xff, 0x25, 0xf2, 0x2e, 0x00, 0x00, 0x68, 0x1b,
  0x00, 0x00, 0x00, 0xe9, 0x30, 0xfe, 0xff, 0xff, 0xff, 0x25, 0xea, 0x2e,
  0x00, 0x00, 0x68, 0x1c, 0x00, 0x00, 0x00, 0xe9, 0x20, 0xfe, 0xff, 0xff,
  0xff, 0x25, 0xe2, 0x2e, 0x00, 0x00, 0x68, 0x1d, 0x00, 0x00, 0x00, 0xe9,
  0x10, 0xfe, 0xff, 0xff, 0xf3, 0x0f, 0x1e, 0xfa, 0x31, 0xed, 0x49, 0x89,
  0xd1, 0x5e, 0x48, 0x89, 0xe2, 0x48, 0x83, 0xe4, 0xf0, 0x50, 0x54, 0x45,
  0x31, 0xc0, 0x31, 0xc9, 0x48, 0x8d, 0x3d, 0xd9, 0x03, 0x00, 0x00, 0xff,
  0x15, 0x93, 0x2d, 0x00, 0x00, 0xf4, 0x66, 0x2e, 0x0f, 0x1f, 0x84, 0x00,
  0x00, 0x00, 0x00, 0x00, 0x48, 0x8d, 0x3d, 0x01, 0x37, 0x00, 0x00, 0x48,
  0x8d, 0x05, 0xfa, 0x36, 0x00, 0x00, 0x48, 0x39, 0xf8, 0x74, 0x15, 0x48,
  0x8b, 0x05, 0x76, 0x2d, 0x00, 0x00, 0x48, 0x85, 0xc0, 0x74, 0x09, 0xff,
  0xe0, 0x0f, 0x1f, 0x80, 0x00, 0x00, 0x00, 0x00, 0xc3, 0x0f, 0x1f, 0x80,
  0x00, 0x00, 0x00, 0x00, 0x48, 0x8d, 0x3d, 0xd1, 0x36, 0x00, 0x00, 0x48,
  0x8d, 0x35, 0xca, 0x36, 0x00, 0x00, 0x48, 0x29, 0xfe, 0x48, 0x89, 0xf0,
  0x48, 0xc1, 0xee, 0x3f, 0x48, 0xc1, 0xf8, 0x03, 0x48, 0x01, 0xc6, 0x48,
  0xd1, 0xfe, 0x74, 0x14, 0x48, 0x8b, 0x05, 0x45, 0x2d, 0x00, 0x00, 0x48,
  0x85, 0xc0, 0x74, 0x08, 0xff, 0xe0, 0x66, 0x0f, 0x1f, 0x44, 0x00, 0x00,
  0xc3, 0x0f, 0x1f, 0x80, 0x00, 0x00, 0x00, 0x00, 0xf3, 0x0f, 0x1e, 0xfa,
  0x80, 0x3d, 0xad, 0x36, 0x00, 0x00, 0x00, 0x75, 0x33, 0x55, 0x48, 0x83,
  0x3d, 0xfa, 0x2c, 0x00, 0x00, 0x00, 0x48, 0x89, 0xe5, 0x74, 0x0d, 0x48,
  0x8b, 0x3d, 0x36, 0x2e, 0x00, 0x00, 0xff, 0x15, 0xe8, 0x2c, 0x00, 0x00,
  0xe8, 0x63, 0xff, 0xff, 0xff, 0xc6, 0x05, 0x84, 0x36, 0x00, 0x00, 0x01,
  0x5d, 0xc3, 0x66, 0x2e, 0x0f, 0x1f, 0x84, 0x00, 0x00, 0x00, 0x00, 0x00,
  0xc3, 0x66, 0x66, 0x2e, 0x0f, 0x1f, 0x84, 0x00, 0x00, 0x00, 0x00, 0x00,
  0x0f, 0x1f, 0x40, 0x00, 0xf3, 0x0f, 0x1e, 0xfa, 0xe9, 0x67, 0xff, 0xff,
  0xff, 0x55, 0x48, 0x89, 0xe5, 0xbe, 0x00, 0x00, 0x00, 0x00, 0xbf, 0x02,
  0x00, 0x20, 0x00, 0xe8, 0xf4, 0xfd, 0xff, 0xff, 0xbe, 0x00, 0x00, 0x00,
  0x00, 0xbf, 0x00, 0x00, 0x00, 0x00, 0xe8, 0xe5, 0xfd, 0xff, 0xff, 0x90,
  0x5d, 0xc3, 0x55, 0x48, 0x89, 0xe5, 0x90, 0x90, 0x5d, 0xc3, 0x55, 0x48,
  0x89, 0xe5, 0x48, 0x83, 0xec, 0x10, 0xe8, 0xbd, 0xfe, 0xff, 0xff, 0x48,
  0x89, 0x45, 0xf0, 0x48, 0x8b, 0x45, 0xf0, 0x48, 0x89, 0xc7, 0xe8, 0x4d,
  0xfe, 0xff, 0xff, 0x48, 0x89, 0x45, 0xf8, 0x48, 0x83, 0x7d, 0xf8, 0x00,
  0x75, 0x19, 0x48, 0x8b, 0x05, 0xfb, 0x35, 0x00, 0x00, 0x48, 0x89, 0xc7,
  0xe8, 0x33, 0xfd, 0xff, 0xff, 0xbf, 0x01, 0x00, 0x00, 0x00, 0xe8, 0x09,
  0xfe, 0xff, 0xff, 0x48, 0x8b, 0x45, 0xf8, 0xc9, 0xc3, 0x55, 0x48, 0x89,
  0xe5, 0x48, 0x83, 0xec, 0x10, 0x48, 0x89, 0x7d, 0xf8, 0x8b, 0x05, 0xd1,
  0x30, 0x00, 0x00, 0x89, 0xc1, 0x48, 0x8b, 0x45, 0xf8, 0x48, 0x8d, 0x15,
  0x84, 0x2d, 0x00, 0x00, 0x89, 0xce, 0x48, 0x89, 0xc7, 0xe8, 0x7a, 0xfd,
  0xff, 0xff, 0x85, 0xc0, 0x7f, 0x19, 0x48, 0x8b, 0x05, 0xaf, 0x35, 0x00,
  0x00, 0x48, 0x89, 0xc7, 0xe8, 0xe7, 0xfc, 0xff, 0xff, 0xbf, 0x01, 0x00,
  0x00, 0x00, 0xe8, 0xbd, 0xfd, 0xff, 0xff, 0x8b, 0x05, 0x7b, 0x35, 0x00,
  0x00, 0x89, 0xc2, 0x48, 0x8b, 0x45, 0xf8, 0x48, 0x89, 0xd1, 0x48, 0x8d,
  0x15, 0xa7, 0x30, 0x00, 0x00, 0x48, 0x89, 0xc6, 0xbf, 0x06, 0x00, 0x00,
  0x00, 0xe8, 0x0a, 0xfd, 0xff, 0xff, 0x85, 0xc0, 0x7f, 0x19, 0x48, 0x8b,
  0x05, 0x6f, 0x35, 0x00, 0x00, 0x48, 0x89, 0xc7, 0xe8, 0xa7, 0xfc, 0xff,
  0xff, 0xbf, 0x01, 0x00, 0x00, 0x00, 0xe8, 0x7d, 0xfd, 0xff, 0xff, 0x48,
  0x8b, 0x45, 0xf8, 0x48, 0x89, 0xc7, 0xe8, 0xb1, 0xfd, 0xff, 0xff, 0x85,
  0xc0, 0x75, 0x19, 0x48, 0x8b, 0x05, 0x46, 0x35, 0x00, 0x00, 0x48, 0x89,
  0xc7, 0xe8, 0x7e, 0xfc, 0xff, 0xff, 0xbf, 0x01, 0x00, 0x00, 0x00, 0xe8,
  0x54, 0xfd, 0xff, 0xff, 0x90, 0xc9, 0xc3, 0x55, 0x48, 0x89, 0xe5, 0x48,
  0x81, 0xec, 0x30, 0x08, 0x00, 0x00, 0x48, 0x89, 0xbd, 0xd8, 0xf7, 0xff,
  0xff, 0x64, 0x48, 0x8b, 0x04, 0x25, 0x28, 0x00, 0x00, 0x00, 0x48, 0x89,
  0x45, 0xf8, 0x31, 0xc0, 0x48, 0x8d, 0x85, 0xf0, 0xf7, 0xff, 0xff, 0xba,
  0x00, 0x04, 0x00, 0x00, 0xbe, 0x00, 0x00, 0x00, 0x00, 0x48, 0x89, 0xc7,
  0xe8, 0x47, 0xfc, 0xff, 0xff, 0x48, 0x8d, 0x8d, 0xf0, 0xf7, 0xff, 0xff,
  0x48, 0x8b, 0x85, 0xd8, 0xf7, 0xff, 0xff, 0xba, 0xff, 0x03, 0x00, 0x00,
  0x48, 0x89, 0xce, 0x48, 0x89, 0xc7, 0xe8, 0xa9, 0xfb, 0xff, 0xff, 0x89,
  0x85, 0xe4, 0xf7, 0xff, 0xff, 0x83, 0xbd, 0xe4, 0xf7, 0xff, 0xff, 0x00,
  0x0f, 0x8e, 0x4b, 0x01, 0x00, 0x00, 0x8b, 0x85, 0xe4, 0xf7, 0xff, 0xff,
  0x48, 0x98, 0xc6, 0x84, 0x05, 0xf0, 0xf7, 0xff, 0xff, 0x00, 0x48, 0x8d,
  0x85, 0xf0, 0xf7, 0xff, 0xff, 0x48, 0x8d, 0x15, 0x4c, 0x0b, 0x00, 0x00,
  0x48, 0x89, 0xd6, 0x48, 0x89, 0xc7, 0xe8, 0x7d, 0xfc, 0xff, 0xff, 0x85,
  0xc0, 0x0f, 0x84, 0x1d, 0x01, 0x00, 0x00, 0x48, 0x8d, 0x85, 0xf0, 0xf7,
  0xff, 0xff, 0x48, 0x8d, 0x15, 0x30, 0x0b, 0x00, 0x00, 0x48, 0x89, 0xd6,
  0x48, 0x89, 0xc7, 0xe8, 0x5c, 0xfc, 0xff, 0xff, 0x85, 0xc0, 0x75, 0x28,
  0x48, 0x8b, 0x85, 0xd8, 0xf7, 0xff, 0xff, 0xba, 0x1a, 0x00, 0x00, 0x00,
  0x48, 0x8d, 0x0d, 0x13, 0x0b, 0x00, 0x00, 0x48, 0x89, 0xce, 0x48, 0x89,
  0xc7, 0xe8, 0xda, 0xfc, 0xff, 0xff, 0xbf, 0x00, 0x00, 0x00, 0x00, 0xe8,
  0x70, 0xfc, 0xff, 0xff, 0x48, 0x8d, 0x85, 0xf0, 0xf7, 0xff, 0xff, 0x48,
  0x8d, 0x15, 0x0c, 0x0b, 0x00, 0x00, 0x48, 0x89, 0xd6, 0x48, 0x89, 0xc7,
  0xe8, 0x47, 0xfb, 0xff, 0xff, 0x48, 0x89, 0x85, 0xe8, 0xf7, 0xff, 0xff,
  0x48, 0x83, 0xbd, 0xe8, 0xf7, 0xff, 0xff, 0x00, 0x0f, 0x84, 0xbd, 0x00,
  0x00, 0x00, 0x48, 0x8d, 0x95, 0xf0, 0xfb, 0xff, 0xff, 0xb8, 0x00, 0x00,
  0x00, 0x00, 0xb9, 0x80, 0x00, 0x00, 0x00, 0x48, 0x89, 0xd7, 0xf3, 0x48,
  0xab, 0xeb, 0x30, 0x48, 0x8d, 0x85, 0xf0, 0xfb, 0xff, 0xff, 0x48, 0x89,
  0xc7, 0xe8, 0x2a, 0xfb, 0xff, 0xff, 0xba, 0xff, 0x03, 0x00, 0x00, 0x48,
  0x29, 0xc2, 0x48, 0x8d, 0x8d, 0xf0, 0xf7, 0xff, 0xff, 0x48, 0x8d, 0x85,
  0xf0, 0xfb, 0xff, 0xff, 0x48, 0x89, 0xce, 0x48, 0x89, 0xc7, 0xe8, 0x59,
  0xfb, 0xff, 0xff, 0x48, 0x8b, 0x95, 0xe8, 0xf7, 0xff, 0xff, 0x48, 0x8d,
  0x85, 0xf0, 0xf7, 0xff, 0xff, 0xbe, 0x00, 0x04, 0x00, 0x00, 0x48, 0x89,
  0xc7, 0xe8, 0x0e, 0xfc, 0xff, 0xff, 0x48, 0x85, 0xc0, 0x75, 0xb0, 0x48,
  0x8b, 0x85, 0xe8, 0xf7, 0xff, 0xff, 0x48, 0x89, 0xc7, 0xe8, 0xda, 0xfb,
  0xff, 0xff, 0x48, 0x8d, 0x85, 0xf0, 0xfb, 0xff, 0xff, 0x48, 0x89, 0xc7,
  0xe8, 0xcb, 0xfa, 0xff, 0xff, 0x89, 0xc2, 0x48, 0x8d, 0x8d, 0xf0, 0xfb,
  0xff, 0xff, 0x48, 0x8b, 0x85, 0xd8, 0xf7, 0xff, 0xff, 0x48, 0x89, 0xce,
  0x48, 0x89, 0xc7, 0xe8, 0x00, 0xfc, 0xff, 0xff, 0xe9, 0x6b, 0xfe, 0xff,
  0xff, 0x90, 0xeb, 0x01, 0x90, 0x90, 0x48, 0x8b, 0x45, 0xf8, 0x64, 0x48,
  0x2b, 0x04, 0x25, 0x28, 0x00, 0x00, 0x00, 0x74, 0x0d, 0xeb, 0x06, 0x90,
  0xe9, 0x4f, 0xfe, 0xff, 0xff, 0xe8, 0x4a, 0xfb, 0xff, 0xff, 0xc9, 0xc3,
  0x55, 0x48, 0x89, 0xe5, 0x48, 0x83, 0xec, 0x50, 0x64, 0x48, 0x8b, 0x04,
  0x25, 0x28, 0x00, 0x00, 0x00, 0x48, 0x89, 0x45, 0xf8, 0x31, 0xc0, 0xb8,
  0x00, 0x00, 0x00, 0x00, 0xe8, 0xe0, 0xfc, 0xff, 0xff, 0xb8, 0x00, 0x00,
  0x00, 0x00, 0xe8, 0x03, 0xfd, 0xff, 0xff, 0x48, 0x89, 0x45, 0xc0, 0x48,
  0x8b, 0x45, 0xc0, 0x48, 0x89, 0xc7, 0xe8, 0x3a, 0xfd, 0xff, 0xff, 0xba,
  0x00, 0x00, 0x00, 0x00, 0xbe, 0x01, 0x00, 0x00, 0x00, 0xbf, 0x02, 0x00,
  0x00, 0x00, 0xe8, 0x09, 0xfa, 0xff, 0xff, 0x89, 0x45, 0xb8, 0x83, 0x7d,
  0xb8, 0x00, 0x79, 0x19, 0x48, 0x8d, 0x05, 0xc5, 0x09, 0x00, 0x00, 0x48,
  0x89, 0xc7, 0xe8, 0x91, 0xfa, 0xff, 0xff, 0xbf, 0x01, 0x00, 0x00, 0x00,
  0xe8, 0x07, 0xfb, 0xff, 0xff, 0x66, 0xc7, 0x45, 0xd0, 0x02, 0x00, 0xbf,
  0x48, 0x21, 0x00, 0x00, 0xe8, 0xb7, 0xf9, 0xff, 0xff, 0x66, 0x89, 0x45,
  0xd2, 0xc7, 0x45, 0xd4, 0x00, 0x00, 0x00, 0x00, 0x48, 0x8d, 0x4d, 0xd0,
  0x8b, 0x45, 0xb8, 0xba, 0x10, 0x00, 0x00, 0x00, 0x48, 0x89, 0xce, 0x89,
  0xc7, 0xe8, 0xa6, 0xf9, 0xff, 0xff, 0x85, 0xc0, 0x79, 0x19, 0x48, 0x8d,
  0x05, 0x84, 0x09, 0x00, 0x00, 0x48, 0x89, 0xc7, 0xe8, 0x43, 0xfa, 0xff,
  0xff, 0xbf, 0x01, 0x00, 0x00, 0x00, 0xe8, 0xb9, 0xfa, 0xff, 0xff, 0x8b,
  0x45, 0xb8, 0xbe, 0x05, 0x00, 0x00, 0x00, 0x89, 0xc7, 0xe8, 0x9a, 0xfa,
  0xff, 0xff, 0x85, 0xc0, 0x79, 0x19, 0x48, 0x8d, 0x05, 0x63, 0x09, 0x00,
  0x00, 0x48, 0x89, 0xc7, 0xe8, 0x17, 0xfa, 0xff, 0xff, 0xbf, 0x01, 0x00,
  0x00, 0x00, 0xe8, 0x8d, 0xfa, 0xff, 0xff, 0xc7, 0x45, 0xb4, 0x10, 0x00,
  0x00, 0x00, 0x48, 0x8d, 0x55, 0xb4, 0x48, 0x8d, 0x4d, 0xe0, 0x8b, 0x45,
  0xb8, 0x48, 0x89, 0xce, 0x89, 0xc7, 0xe8, 0x71, 0xf9, 0xff, 0xff, 0x89,
  0x45, 0xbc, 0x83, 0x7d, 0xbc, 0x00, 0x79, 0x11, 0x48, 0x8d, 0x05, 0x32,
  0x09, 0x00, 0x00, 0x48, 0x89, 0xc7, 0xe8, 0xd9, 0xf9, 0xff, 0xff, 0xeb,
  0xca, 0x48, 0x8b, 0x45, 0xc0, 0x48, 0x89, 0xc7, 0xe8, 0xfb, 0xf9, 0xff,
  0xff, 0x48, 0x89, 0x45, 0xc8, 0x8b, 0x55, 0xbc, 0x48, 0x8b, 0x45, 0xc8,
  0x89, 0xd6, 0x48, 0x89, 0xc7, 0xe8, 0x86, 0xf9, 0xff, 0xff, 0x48, 0x8b,
  0x45, 0xc8, 0x48, 0x89, 0xc7, 0xe8, 0x7a, 0xfa, 0xff, 0xff, 0x85, 0xc0,
  0x7f, 0x11, 0x48, 0x8b, 0x05, 0xff, 0x31, 0x00, 0x00, 0x48, 0x89, 0xc7,
  0xe8, 0x37, 0xf9, 0xff, 0xff, 0xeb, 0x0c, 0x48, 0x8b, 0x45, 0xc8, 0x48,
  0x89, 0xc7, 0xe8, 0xb8, 0xfc, 0xff, 0xff, 0x48, 0x8b, 0x45, 0xc8, 0x48,
  0x89, 0xc7, 0xe8, 0xdd, 0xf9, 0xff, 0xff, 0x48, 0x8b, 0x45, 0xc8, 0x48,
  0x89, 0xc7, 0xe8, 0x31, 0xf9, 0xff, 0xff, 0x8b, 0x45, 0xbc, 0x89, 0xc7,
  0xe8, 0x57, 0xfa, 0xff, 0xff, 0xe9, 0x55, 0xff, 0xff, 0xff, 0x00, 0x00,
  0xf3, 0x0f, 0x1e, 0xfa, 0x48, 0x83, 0xec, 0x08, 0x48, 0x83, 0xc4, 0x08,
  0xc3, 0x00, 0x00, 0x00, 0x00, 0x00, 0x00, 0x00, 0x00, 0x00, 0x00, 0x00,
  0x00, 0x00, 0x00, 0x00, 0x00, 0x00, 0x00, 0x00, 0x00, 0x00, 0x00, 0x00,
  0x00, 0x00, 0x00, 0x00, 0x00, 0x00, 0x00, 0x00, 0x00, 0x00, 0x00, 0x00,
  0x00, 0x00, 0x00, 0x00, 0x00, 0x00, 0x00, 0x00, 0x00, 0x00, 0x00, 0x00,
  0x00, 0x00, 0x00, 0x00, 0x00, 0x00, 0x00, 0x00, 0x00, 0x00, 0x00, 0x00,
  0x00, 0x00, 0x00, 0x00, 0x00, 0x00, 0x00, 0x00, 0x00, 0x00, 0x00, 0x00,
  0x00, 0x00, 0x00, 0x00, 0x00, 0x00, 0x00, 0x00, 0x00, 0x00, 0x00, 0x00,
  0x00, 0x00, 0x00, 0x00, 0x00, 0x00, 0x00, 0x00, 0x00, 0x00, 0x00, 0x00,
  0x00, 0x00, 0x00, 0x00, 0x00, 0x00, 0x00, 0x00, 0x00, 0x00, 0x00, 0x00,
  0x00, 0x00, 0x00, 0x00, 0x00, 0x00, 0x00, 0x00, 0x00, 0x00, 0x00, 0x00,
  0x00, 0x00, 0x00, 0x00, 0x00, 0x00, 0x00, 0x00, 0x00, 0x00, 0x00, 0x00,
  0x00, 0x00, 0x00, 0x00, 0x00, 0x00, 0x00, 0x00, 0x00, 0x00, 0x00, 0x00,
  0x00, 0x00, 0x00, 0x00, 0x00, 0x00, 0x00, 0x00, 0x00, 0x00, 0x00, 0x00,
  0x00, 0x00, 0x00, 0x00, 0x00, 0x00, 0x00, 0x00, 0x00, 0x00, 0x00, 0x00,
  0x00, 0x00, 0x00, 0x00, 0x00, 0x00, 0x00, 0x00, 0x00, 0x00, 0x00, 0x00,
  0x00, 0x00, 0x00, 0x00, 0x00, 0x00, 0x00, 0x00, 0x00, 0x00, 0x00, 0x00,
  0x00, 0x00, 0x00, 0x00, 0x00, 0x00, 0x00, 0x00, 0x00, 0x00, 0x00, 0x00,
  0x00, 0x00, 0x00, 0x00, 0x00, 0x00, 0x00, 0x00, 0x00, 0x00, 0x00, 0x00,
  0x00, 0x00, 0x00, 0x00, 0x00, 0x00, 0x00, 0x00, 0x00, 0x00, 0x00, 0x00,
  0x00, 0x00, 0x00, 0x00, 0x00, 0x00, 0x00, 0x00, 0x00, 0x00, 0x00, 0x00,
  0x00, 0x00, 0x00, 0x00, 0x00, 0x00, 0x00, 0x00, 0x00, 0x00, 0x00, 0x00,
  0x00, 0x00, 0x00, 0x00, 0x00, 0x00, 0x00, 0x00, 0x00, 0x00, 0x00, 0x00,
  0x00, 0x00, 0x00, 0x00, 0x00, 0x00, 0x00, 0x00, 0x00, 0x00, 0x00, 0x00,
  0x00, 0x00, 0x00, 0x00, 0x00, 0x00, 0x00, 0x00, 0x00, 0x00, 0x00, 0x00,
  0x00, 0x00, 0x00, 0x00, 0x00, 0x00, 0x00, 0x00, 0x00, 0x00, 0x00, 0x00,
  0x00, 0x00, 0x00, 0x00, 0x00, 0x00, 0x00, 0x00, 0x00, 0x00, 0x00, 0x00,
  0x00, 0x00, 0x00, 0x00, 0x00, 0x00, 0x00, 0x00, 0x00, 0x00, 0x00, 0x00,
  0x00, 0x00, 0x00, 0x00, 0x00, 0x00, 0x00, 0x00, 0x00, 0x00, 0x00, 0x00,
  0x00, 0x00, 0x00, 0x00, 0x00, 0x00, 0x00, 0x00, 0x00, 0x00, 0x00, 0x00,
  0x00, 0x00, 0x00, 0x00, 0x00, 0x00, 0x00, 0x00, 0x00, 0x00, 0x00, 0x00,
  0x00, 0x00, 0x00, 0x00, 0x00, 0x00, 0x00, 0x00, 0x00, 0x00, 0x00, 0x00,
  0x00, 0x00, 0x00, 0x00, 0x00, 0x00, 0x00, 0x00, 0x00, 0x00, 0x00, 0x00,
  0x00, 0x00, 0x00, 0x00, 0x00, 0x00, 0x00, 0x00, 0x00, 0x00, 0x00, 0x00,
  0x00, 0x00, 0x00, 0x00, 0x00, 0x00, 0x00, 0x00, 0x00, 0x00, 0x00, 0x00,
  0x00, 0x00, 0x00, 0x00, 0x00, 0x00, 0x00, 0x00, 0x00, 0x00, 0x00, 0x00,
  0x00, 0x00, 0x00, 0x00, 0x00, 0x00, 0x00, 0x00, 0x00, 0x00, 0x00, 0x00,
  0x00, 0x00, 0x00, 0x00, 0x00, 0x00, 0x00, 0x00, 0x00, 0x00, 0x00, 0x00,
  0x00, 0x00, 0x00, 0x00, 0x00, 0x00, 0x00, 0x00, 0x00, 0x00, 0x00, 0x00,
  0x00, 0x00, 0x00, 0x00, 0x00, 0x00, 0x00, 0x00, 0x00, 0x00, 0x00, 0x00,
  0x00, 0x00, 0x00, 0x00, 0x00, 0x00, 0x00, 0x00, 0x00, 0x00, 0x00, 0x00,
  0x00, 0x00, 0x00, 0x00, 0x00, 0x00, 0x00, 0x00, 0x00, 0x00, 0x00, 0x00,
  0x00, 0x00, 0x00, 0x00, 0x00, 0x00, 0x00, 0x00, 0x00, 0x00, 0x00, 0x00,
  0x00, 0x00, 0x00, 0x00, 0x00, 0x00, 0x00, 0x00, 0x00, 0x00, 0x00, 0x00,
  0x00, 0x00, 0x00, 0x00, 0x00, 0x00, 0x00, 0x00, 0x00, 0x00, 0x00, 0x00,
  0x00, 0x00, 0x00, 0x00, 0x00, 0x00, 0x00, 0x00, 0x00, 0x00, 0x00, 0x00,
  0x00, 0x00, 0x00, 0x00, 0x00, 0x00, 0x00, 0x00, 0x00, 0x00, 0x00, 0x00,
  0x00, 0x00, 0x00, 0x00, 0x00, 0x00, 0x00, 0x00, 0x00, 0x00, 0x00, 0x00,
  0x00, 0x00, 0x00, 0x00, 0x00, 0x00, 0x00, 0x00, 0x00, 0x00, 0x00, 0x00,
  0x00, 0x00, 0x00, 0x00, 0x00, 0x00, 0x00, 0x00, 0x00, 0x00, 0x00, 0x00,
  0x00, 0x00, 0x00, 0x00, 0x00, 0x00, 0x00, 0x00, 0x00, 0x00, 0x00, 0x00,
  0x00, 0x00, 0x00, 0x00, 0x00, 0x00, 0x00, 0x00, 0x00, 0x00, 0x00, 0x00,
  0x00, 0x00, 0x00, 0x00, 0x00, 0x00, 0x00, 0x00, 0x00, 0x00, 0x00, 0x00,
  0x00, 0x00, 0x00, 0x00, 0x00, 0x00, 0x00, 0x00, 0x00, 0x00, 0x00, 0x00,
  0x00, 0x00, 0x00, 0x00, 0x00, 0x00, 0x00, 0x00, 0x00, 0x00, 0x00, 0x00,
  0x00, 0x00, 0x00, 0x00, 0x00, 0x00, 0x00, 0x00, 0x00, 0x00, 0x00, 0x00,
  0x00, 0x00, 0x00, 0x00, 0x00, 0x00, 0x00, 0x00, 0x00, 0x00, 0x00, 0x00,
  0x00, 0x00, 0x00, 0x00, 0x00, 0x00, 0x00, 0x00, 0x00, 0x00, 0x00, 0x00,
  0x00, 0x00, 0x00, 0x00, 0x00, 0x00, 0x00, 0x00, 0x00, 0x00, 0x00, 0x00,
  0x00, 0x00, 0x00, 0x00, 0x00, 0x00, 0x00, 0x00, 0x00, 0x00, 0x00, 0x00,
  0x00, 0x00, 0x00, 0x00, 0x00, 0x00, 0x00, 0x00, 0x00, 0x00, 0x00, 0x00,
  0x00, 0x00, 0x00, 0x00, 0x00, 0x00, 0x00, 0x00, 0x00, 0x00, 0x00, 0x00,
  0x00, 0x00, 0x00, 0x00, 0x00, 0x00, 0x00, 0x00, 0x00, 0x00, 0x00, 0x00,
  0x00, 0x00, 0x00, 0x00, 0x00, 0x00, 0x00, 0x00, 0x00, 0x00, 0x00, 0x00,
  0x00, 0x00, 0x00, 0x00, 0x00, 0x00, 0x00, 0x00, 0x00, 0x00, 0x00, 0x00,
  0x00, 0x00, 0x00, 0x00, 0x00, 0x00, 0x00, 0x00, 0x00, 0x00, 0x00, 0x00,
  0x00, 0x00, 0x00, 0x00, 0x00, 0x00, 0x00, 0x00, 0x00, 0x00, 0x00, 0x00,
  0x00, 0x00, 0x00, 0x00, 0x00, 0x00, 0x00, 0x00, 0x00, 0x00, 0x00, 0x00,
  0x00, 0x00, 0x00, 0x00, 0x00, 0x00, 0x00, 0x00, 0x00, 0x00, 0x00, 0x00,
  0x00, 0x00, 0x00, 0x00, 0x00, 0x00, 0x00, 0x00, 0x00, 0x00, 0x00, 0x00,
  0x00, 0x00, 0x00, 0x00, 0x00, 0x00, 0x00, 0x00, 0x00, 0x00, 0x00, 0x00,
  0x00, 0x00, 0x00, 0x00, 0x00, 0x00, 0x00, 0x00, 0x00, 0x00, 0x00, 0x00,
  0x00, 0x00, 0x00, 0x00, 0x00, 0x00, 0x00, 0x00, 0x00, 0x00, 0x00, 0x00,
  0x00, 0x00, 0x00, 0x00, 0x00, 0x00, 0x00, 0x00, 0x00, 0x00, 0x00, 0x00,
  0x00, 0x00, 0x00, 0x00, 0x00, 0x00, 0x00, 0x00, 0x00, 0x00, 0x00, 0x00,
  0x00, 0x00, 0x00, 0x00, 0x00, 0x00, 0x00, 0x00, 0x00, 0x00, 0x00, 0x00,
  0x00, 0x00, 0x00, 0x00, 0x00, 0x00, 0x00, 0x00, 0x00, 0x00, 0x00, 0x00,
  0x00, 0x00, 0x00, 0x00, 0x00, 0x00, 0x00, 0x00, 0x00, 0x00, 0x00, 0x00,
  0x00, 0x00, 0x00, 0x00, 0x00, 0x00, 0x00, 0x00, 0x00, 0x00, 0x00, 0x00,
  0x00, 0x00, 0x00, 0x00, 0x00, 0x00, 0x00, 0x00, 0x00, 0x00, 0x00, 0x00,
  0x00, 0x00, 0x00, 0x00, 0x00, 0x00, 0x00, 0x00, 0x00, 0x00, 0x00, 0x00,
  0x00, 0x00, 0x00, 0x00, 0x00, 0x00, 0x00, 0x00, 0x00, 0x00, 0x00, 0x00,
  0x00, 0x00, 0x00, 0x00, 0x00, 0x00, 0x00, 0x00, 0x00, 0x00, 0x00, 0x00,
  0x00, 0x00, 0x00, 0x00, 0x00, 0x00, 0x00, 0x00, 0x00, 0x00, 0x00, 0x00,
  0x00, 0x00, 0x00, 0x00, 0x00, 0x00, 0x00, 0x00, 0x00, 0x00, 0x00, 0x00,
  0x00, 0x00, 0x00, 0x00, 0x00, 0x00, 0x00, 0x00, 0x00, 0x00, 0x00, 0x00,
  0x00, 0x00, 0x00, 0x00, 0x00, 0x00, 0x00, 0x00, 0x00, 0x00, 0x00, 0x00,
  0x00, 0x00, 0x00, 0x00, 0x00, 0x00, 0x00, 0x00, 0x00, 0x00, 0x00, 0x00,
  0x00, 0x00, 0x00, 0x00, 0x00, 0x00, 0x00, 0x00, 0x00, 0x00, 0x00, 0x00,
  0x00, 0x00, 0x00, 0x00, 0x00, 0x00, 0x00, 0x00, 0x00, 0x00, 0x00, 0x00,
  0x00, 0x00, 0x00, 0x00, 0x00, 0x00, 0x00, 0x00, 0x00, 0x00, 0x00, 0x00,
  0x00, 0x00, 0x00, 0x00, 0x00, 0x00, 0x00, 0x00, 0x00, 0x00, 0x00, 0x00,
  0x00, 0x00, 0x00, 0x00, 0x00, 0x00, 0x00, 0x00, 0x00, 0x00, 0x00, 0x00,
  0x00, 0x00, 0x00, 0x00, 0x00, 0x00, 0x00, 0x00, 0x00, 0x00, 0x00, 0x00,
  0x00, 0x00, 0x00, 0x00, 0x00, 0x00, 0x00, 0x00, 0x00, 0x00, 0x00, 0x00,
  0x00, 0x00, 0x00, 0x00, 0x00, 0x00, 0x00, 0x00, 0x00, 0x00, 0x00, 0x00,
  0x00, 0x00, 0x00, 0x00, 0x00, 0x00, 0x00, 0x00, 0x00, 0x00, 0x00, 0x00,
  0x00, 0x00, 0x00, 0x00, 0x00, 0x00, 0x00, 0x00, 0x00, 0x00, 0x00, 0x00,
  0x00, 0x00, 0x00, 0x00, 0x00, 0x00, 0x00, 0x00, 0x00, 0x00, 0x00, 0x00,
  0x00, 0x00, 0x00, 0x00, 0x00, 0x00, 0x00, 0x00, 0x00, 0x00, 0x00, 0x00,
  0x00, 0x00, 0x00, 0x00, 0x00, 0x00, 0x00, 0x00, 0x00, 0x00, 0x00, 0x00,
  0x00, 0x00, 0x00, 0x00, 0x00, 0x00, 0x00, 0x00, 0x00, 0x00, 0x00, 0x00,
  0x00, 0x00, 0x00, 0x00, 0x00, 0x00, 0x00, 0x00, 0x00, 0x00, 0x00, 0x00,
  0x00, 0x00, 0x00, 0x00, 0x00, 0x00, 0x00, 0x00, 0x00, 0x00, 0x00, 0x00,
  0x00, 0x00, 0x00, 0x00, 0x00, 0x00, 0x00, 0x00, 0x00, 0x00, 0x00, 0x00,
  0x00, 0x00, 0x00, 0x00, 0x00, 0x00, 0x00, 0x00, 0x00, 0x00, 0x00, 0x00,
  0x00, 0x00, 0x00, 0x00, 0x00, 0x00, 0x00, 0x00, 0x00, 0x00, 0x00, 0x00,
  0x00, 0x00, 0x00, 0x00, 0x00, 0x00, 0x00, 0x00, 0x00, 0x00, 0x00, 0x00,
  0x00, 0x00, 0x00, 0x00, 0x00, 0x00, 0x00, 0x00, 0x00, 0x00, 0x00, 0x00,
  0x00, 0x00, 0x00, 0x00, 0x00, 0x00, 0x00, 0x00, 0x00, 0x00, 0x00, 0x00,
  0x00, 0x00, 0x00, 0x00, 0x00, 0x00, 0x00, 0x00, 0x00, 0x00, 0x00, 0x00,
  0x00, 0x00, 0x00, 0x00, 0x00, 0x00, 0x00, 0x00, 0x00, 0x00, 0x00, 0x00,
  0x00, 0x00, 0x00, 0x00, 0x00, 0x00, 0x00, 0x00, 0x00, 0x00, 0x00, 0x00,
  0x00, 0x00, 0x00, 0x00, 0x00, 0x00, 0x00, 0x00, 0x00, 0x00, 0x00, 0x00,
  0x00, 0x00, 0x00, 0x00, 0x00, 0x00, 0x00, 0x00, 0x00, 0x00, 0x00, 0x00,
  0x00, 0x00, 0x00, 0x00, 0x00, 0x00, 0x00, 0x00, 0x00, 0x00, 0x00, 0x00,
  0x00, 0x00, 0x00, 0x00, 0x00, 0x00, 0x00, 0x00, 0x00, 0x00, 0x00, 0x00,
  0x00, 0x00, 0x00, 0x00, 0x00, 0x00, 0x00, 0x00, 0x00, 0x00, 0x00, 0x00,
  0x00, 0x00, 0x00, 0x00, 0x00, 0x00, 0x00, 0x00, 0x00, 0x00, 0x00, 0x00,
  0x00, 0x00, 0x00, 0x00, 0x00, 0x00, 0x00, 0x00, 0x00, 0x00, 0x00, 0x00,
  0x00, 0x00, 0x00, 0x00, 0x00, 0x00, 0x00, 0x00, 0x00, 0x00, 0x00, 0x00,
  0x00, 0x00, 0x00, 0x00, 0x00, 0x00, 0x00, 0x00, 0x00, 0x00, 0x00, 0x00,
  0x00, 0x00, 0x00, 0x00, 0x00, 0x00, 0x00, 0x00, 0x00, 0x00, 0x00, 0x00,
  0x00, 0x00, 0x00, 0x00, 0x00, 0x00, 0x00, 0x00, 0x00, 0x00, 0x00, 0x00,
  0x00, 0x00, 0x00, 0x00, 0x00, 0x00, 0x00, 0x00, 0x00, 0x00, 0x00, 0x00,
  0x00, 0x00, 0x00, 0x00, 0x00, 0x00, 0x00, 0x00, 0x00, 0x00, 0x00, 0x00,
  0x00, 0x00, 0x00, 0x00, 0x00, 0x00, 0x00, 0x00, 0x00, 0x00, 0x00, 0x00,
  0x00, 0x00, 0x00, 0x00, 0x00, 0x00, 0x00, 0x00, 0x00, 0x00, 0x00, 0x00,
  0x00, 0x00, 0x00, 0x00, 0x00, 0x00, 0x00, 0x00, 0x00, 0x00, 0x00, 0x00,
  0x00, 0x00, 0x00, 0x00, 0x00, 0x00, 0x00, 0x00, 0x00, 0x00, 0x00, 0x00,
  0x00, 0x00, 0x00, 0x00, 0x00, 0x00, 0x00, 0x00, 0x00, 0x00, 0x00, 0x00,
  0x00, 0x00, 0x00, 0x00, 0x00, 0x00, 0x00, 0x00, 0x00, 0x00, 0x00, 0x00,
  0x00, 0x00, 0x00, 0x00, 0x00, 0x00, 0x00, 0x00, 0x00, 0x00, 0x00, 0x00,
  0x00, 0x00, 0x00, 0x00, 0x00, 0x00, 0x00, 0x00, 0x00, 0x00, 0x00, 0x00,
  0x00, 0x00, 0x00, 0x00, 0x00, 0x00, 0x00, 0x00, 0x00, 0x00, 0x00, 0x00,
  0x00, 0x00, 0x00, 0x00, 0x00, 0x00, 0x00, 0x00, 0x00, 0x00, 0x00, 0x00,
  0x00, 0x00, 0x00, 0x00, 0x00, 0x00, 0x00, 0x00, 0x00, 0x00, 0x00, 0x00,
  0x00, 0x00, 0x00, 0x00, 0x00, 0x00, 0x00, 0x00, 0x00, 0x00, 0x00, 0x00,
  0x00, 0x00, 0x00, 0x00, 0x00, 0x00, 0x00, 0x00, 0x00, 0x00, 0x00, 0x00,
  0x00, 0x00, 0x00, 0x00, 0x00, 0x00, 0x00, 0x00, 0x00, 0x00, 0x00, 0x00,
  0x00, 0x00, 0x00, 0x00, 0x00, 0x00, 0x00, 0x00, 0x00, 0x00, 0x00, 0x00,
  0x00, 0x00, 0x00, 0x00, 0x00, 0x00, 0x00, 0x00, 0x00, 0x00, 0x00, 0x00,
  0x00, 0x00, 0x00, 0x00, 0x00, 0x00, 0x00, 0x00, 0x00, 0x00, 0x00, 0x00,
  0x00, 0x00, 0x00, 0x00, 0x00, 0x00, 0x00, 0x00, 0x00, 0x00, 0x00, 0x00,
  0x00, 0x00, 0x00, 0x00, 0x00, 0x00, 0x00, 0x00, 0x00, 0x00, 0x00, 0x00,
  0x00, 0x00, 0x00, 0x00, 0x00, 0x00, 0x00, 0x00, 0x00, 0x00, 0x00, 0x00,
  0x00, 0x00, 0x00, 0x00, 0x00, 0x00, 0x00, 0x00, 0x00, 0x00, 0x00, 0x00,
  0x00, 0x00, 0x00, 0x00, 0x00, 0x00, 0x00, 0x00, 0x00, 0x00, 0x00, 0x00,
  0x00, 0x00, 0x00, 0x00, 0x00, 0x00, 0x00, 0x00, 0x00, 0x00, 0x00, 0x00,
  0x00, 0x00, 0x00, 0x00, 0x00, 0x00, 0x00, 0x00, 0x00, 0x00, 0x00, 0x00,
  0x00, 0x00, 0x00, 0x00, 0x00, 0x00, 0x00, 0x00, 0x00, 0x00, 0x00, 0x00,
  0x00, 0x00, 0x00, 0x00, 0x00, 0x00, 0x00, 0x00, 0x00, 0x00, 0x00, 0x00,
  0x00, 0x00, 0x00, 0x00, 0x00, 0x00, 0x00, 0x00, 0x00, 0x00, 0x00, 0x00,
  0x00, 0x00, 0x00, 0x00, 0x00, 0x00, 0x00, 0x00, 0x00, 0x00, 0x00, 0x00,
  0x00, 0x00, 0x00, 0x00, 0x00, 0x00, 0x00, 0x00, 0x00, 0x00, 0x00, 0x00,
  0x00, 0x00, 0x00, 0x00, 0x00, 0x00, 0x00, 0x00, 0x00, 0x00, 0x00, 0x00,
  0x00, 0x00, 0x00, 0x00, 0x00, 0x00, 0x00, 0x00, 0x00, 0x00, 0x00, 0x00,
  0x00, 0x00, 0x00, 0x00, 0x00, 0x00, 0x00, 0x00, 0x00, 0x00, 0x00, 0x00,
  0x00, 0x00, 0x00, 0x00, 0x00, 0x00, 0x00, 0x00, 0x00, 0x00, 0x00, 0x00,
  0x00, 0x00, 0x00, 0x00, 0x00, 0x00, 0x00, 0x00, 0x00, 0x00, 0x00, 0x00,
  0x00, 0x00, 0x00, 0x00, 0x00, 0x00, 0x00, 0x00, 0x00, 0x00, 0x00, 0x00,
  0x00, 0x00, 0x00, 0x00, 0x00, 0x00, 0x00, 0x00, 0x00, 0x00, 0x00, 0x00,
  0x00, 0x00, 0x00, 0x00, 0x00, 0x00, 0x00, 0x00, 0x00, 0x00, 0x00, 0x00,
  0x00, 0x00, 0x00, 0x00, 0x00, 0x00, 0x00, 0x00, 0x00, 0x00, 0x00, 0x00,
  0x00, 0x00, 0x00, 0x00, 0x00, 0x00, 0x00, 0x00, 0x00, 0x00, 0x00, 0x00,
  0x00, 0x00, 0x00, 0x00, 0x00, 0x00, 0x00, 0x00, 0x00, 0x00, 0x00, 0x00,
  0x00, 0x00, 0x00, 0x00, 0x00, 0x00, 0x00, 0x00, 0x00, 0x00, 0x00, 0x00,
  0x00, 0x00, 0x00, 0x00, 0x00, 0x00, 0x00, 0x00, 0x00, 0x00, 0x00, 0x00,
  0x00, 0x00, 0x00, 0x00, 0x00, 0x00, 0x00, 0x00, 0x00, 0x00, 0x00, 0x00,
  0x00, 0x00, 0x00, 0x00, 0x00, 0x00, 0x00, 0x00, 0x00, 0x00, 0x00, 0x00,
  0x00, 0x00, 0x00, 0x00, 0x00, 0x00, 0x00, 0x00, 0x00, 0x00, 0x00, 0x00,
  0x00, 0x00, 0x00, 0x00, 0x00, 0x00, 0x00, 0x00, 0x00, 0x00, 0x00, 0x00,
  0x00, 0x00, 0x00, 0x00, 0x00, 0x00, 0x00, 0x00, 0x00, 0x00, 0x00, 0x00,
  0x00, 0x00, 0x00, 0x00, 0x00, 0x00, 0x00, 0x00, 0x00, 0x00, 0x00, 0x00,
  0x00, 0x00, 0x00, 0x00, 0x00, 0x00, 0x00, 0x00, 0x00, 0x00, 0x00, 0x00,
  0x00, 0x00, 0x00, 0x00, 0x00, 0x00, 0x00, 0x00, 0x00, 0x00, 0x00, 0x00,
  0x00, 0x00, 0x00, 0x00, 0x00, 0x00, 0x00, 0x00, 0x00, 0x00, 0x00, 0x00,
  0x00, 0x00, 0x00, 0x00, 0x00, 0x00, 0x00, 0x00, 0x00, 0x00, 0x00, 0x00,
  0x00, 0x00, 0x00, 0x00, 0x00, 0x00, 0x00, 0x00, 0x01, 0x00, 0x02, 0x00,
  0x65, 0x78, 0x69, 0x74, 0x00, 0x73, 0x74, 0x6f, 0x70, 0x00, 0x53, 0x65,
  0x72, 0x76, 0x65, 0x72, 0x20, 0x73, 0x68, 0x75, 0x74, 0x64, 0x6f, 0x77,
  0x6e, 0x20, 0x72, 0x65, 0x71, 0x75, 0x65, 0x73, 0x74, 0x65, 0x64, 0x2e,
  0x0a, 0x00, 0x72, 0x00, 0x53, 0x6f, 0x63, 0x6b, 0x65, 0x74, 0x20, 0x65,
  0x72, 0x72, 0x6f, 0x72, 0x00, 0x42, 0x69, 0x6e, 0x64, 0x20, 0x65, 0x72,
  0x72, 0x6f, 0x72, 0x00, 0x4c, 0x69, 0x73, 0x74, 0x65, 0x6e, 0x20, 0x65,
  0x72, 0x72, 0x6f, 0x72, 0x00, 0x41, 0x63, 0x63, 0x65, 0x70, 0x74, 0x20,
  0x65, 0x72, 0x72, 0x6f, 0x72, 0x00, 0x00, 0x00, 0x01, 0x1b, 0x03, 0x3b,
  0x4c, 0x00, 0x00, 0x00, 0x08, 0x00, 0x00, 0x00, 0xc0, 0xef, 0xff, 0xff,
  0x80, 0x00, 0x00, 0x00, 0xb0, 0xf1, 0xff, 0xff, 0x68, 0x00, 0x00, 0x00,
  0xa9, 0xf2, 0xff, 0xff, 0xa8, 0x00, 0x00, 0x00, 0xce, 0xf2, 0xff, 0xff,
  0xc8, 0x00, 0x00, 0x00, 0xd6, 0xf2, 0xff, 0xff, 0xe8, 0x00, 0x00, 0x00,
  0x1d, 0xf3, 0xff, 0xff, 0x08, 0x01, 0x00, 0x00, 0xcf, 0xf3, 0xff, 0xff,
  0x28, 0x01, 0x00, 0x00, 0xa8, 0xf5, 0xff, 0xff, 0x48, 0x01, 0x00, 0x00,
  0x00, 0x00, 0x00, 0x00, 0x14, 0x00, 0x00, 0x00, 0x00, 0x00, 0x00, 0x00,
  0x01, 0x7a, 0x52, 0x00, 0x01, 0x78, 0x10, 0x01, 0x1b, 0x0c, 0x07, 0x08,
  0x90, 0x01, 0x00, 0x00, 0x14, 0x00, 0x00, 0x00, 0x1c, 0x00, 0x00, 0x00,
  0x40, 0xf1, 0xff, 0xff, 0x26, 0x00, 0x00, 0x00, 0x00, 0x44, 0x07, 0x10,
  0x00, 0x00, 0x00, 0x00, 0x24, 0x00, 0x00, 0x00, 0x34, 0x00, 0x00, 0x00,
  0x38, 0xef, 0xff, 0xff, 0xf0, 0x01, 0x00, 0x00, 0x00, 0x0e, 0x10, 0x46,
  0x0e, 0x18, 0x4a, 0x0f, 0x0b, 0x77, 0x08, 0x80, 0x00, 0x3f, 0x1a, 0x3b,
  0x2a, 0x33, 0x24, 0x22, 0x00, 0x00, 0x00, 0x00, 0x1c, 0x00, 0x00, 0x00,
  0x5c, 0x00, 0x00, 0x00, 0xf9, 0xf1, 0xff, 0xff, 0x25, 0x00, 0x00, 0x00,
  0x00, 0x41, 0x0e, 0x10, 0x86, 0x02, 0x43, 0x0d, 0x06, 0x60, 0x0c, 0x07,
  0x08, 0x00, 0x00, 0x00, 0x1c, 0x00, 0x00, 0x00, 0x7c, 0x00, 0x00, 0x00,
  0xfe, 0xf1, 0xff, 0xff, 0x08, 0x00, 0x00, 0x00, 0x00, 0x41, 0x0e, 0x10,
  0x86, 0x02, 0x43, 0x0d, 0x06, 0x43, 0x0c, 0x07, 0x08, 0x00, 0x00, 0x00,
  0x1c, 0x00, 0x00, 0x00, 0x9c, 0x00, 0x00, 0x00, 0xe6, 0xf1, 0xff, 0xff,
  0x47, 0x00, 0x00, 0x00, 0x00, 0x41, 0x0e, 0x10, 0x86, 0x02, 0x43, 0x0d,
  0x06, 0x02, 0x42, 0x0c, 0x07, 0x08, 0x00, 0x00, 0x1c, 0x00, 0x00, 0x00,
  0xbc, 0x00, 0x00, 0x00, 0x0d, 0xf2, 0xff, 0xff, 0xb2, 0x00, 0x00, 0x00,
  0x00, 0x41, 0x0e, 0x10, 0x86, 0x02, 0x43, 0x0d, 0x06, 0x02, 0xad, 0x0c,
  0x07, 0x08, 0x00, 0x00, 0x1c, 0x00, 0x00, 0x00, 0xdc, 0x00, 0x00, 0x00,
  0x9f, 0xf2, 0xff, 0xff, 0xd9, 0x01, 0x00, 0x00, 0x00, 0x41, 0x0e, 0x10,
  0x86, 0x02, 0x43, 0x0d, 0x06, 0x03, 0xd4, 0x01, 0x0c, 0x07, 0x08, 0x00,
  0x18, 0x00, 0x00, 0x00, 0xfc, 0x00, 0x00, 0x00, 0x58, 0xf4, 0xff, 0xff,
  0x96, 0x01, 0x00, 0x00, 0x00, 0x41, 0x0e, 0x10, 0x86, 0x02, 0x43, 0x0d,
  0x06, 0x00, 0x00, 0x00, 0x00, 0x00, 0x00, 0x00, 0x00, 0x00, 0x00, 0x00,
  0x00, 0x00, 0x00, 0x00, 0x00, 0x00, 0x00, 0x00, 0x00, 0x00, 0x00, 0x00,
  0x00, 0x00, 0x00, 0x00, 0x00, 0x00, 0x00, 0x00, 0x00, 0x00, 0x00, 0x00,
  0x00, 0x00, 0x00, 0x00, 0x00, 0x00, 0x00, 0x00, 0x00, 0x00, 0x00, 0x00,
  0x00, 0x00, 0x00, 0x00, 0x00, 0x00, 0x00, 0x00, 0x00, 0x00, 0x00, 0x00,
  0x00, 0x00, 0x00, 0x00, 0x00, 0x00, 0x00, 0x00, 0x00, 0x00, 0x00, 0x00,
  0x00, 0x00, 0x00, 0x00, 0x00, 0x00, 0x00, 0x00, 0x00, 0x00, 0x00, 0x00,
  0x00, 0x00, 0x00, 0x00, 0x00, 0x00, 0x00, 0x00, 0x00, 0x00, 0x00, 0x00,
  0x00, 0x00, 0x00, 0x00, 0x00, 0x00, 0x00, 0x00, 0x00, 0x00, 0x00, 0x00,
  0x00, 0x00, 0x00, 0x00, 0x00, 0x00, 0x00, 0x00, 0x00, 0x00, 0x00, 0x00,
  0x00, 0x00, 0x00, 0x00, 0x00, 0x00, 0x00, 0x00, 0x00, 0x00, 0x00, 0x00,
  0x00, 0x00, 0x00, 0x00, 0x00, 0x00, 0x00, 0x00, 0x00, 0x00, 0x00, 0x00,
  0x00, 0x00, 0x00, 0x00, 0x00, 0x00, 0x00, 0x00, 0x00, 0x00, 0x00, 0x00,
  0x00, 0x00, 0x00, 0x00, 0x00, 0x00, 0x00, 0x00, 0x00, 0x00, 0x00, 0x00,
  0x00, 0x00, 0x00, 0x00, 0x00, 0x00, 0x00, 0x00, 0x00, 0x00, 0x00, 0x00,
  0x00, 0x00, 0x00, 0x00, 0x00, 0x00, 0x00, 0x00, 0x00, 0x00, 0x00, 0x00,
  0x00, 0x00, 0x00, 0x00, 0x00, 0x00, 0x00, 0x00, 0x00, 0x00, 0x00, 0x00,
  0x00, 0x00, 0x00, 0x00, 0x00, 0x00, 0x00, 0x00, 0x00, 0x00, 0x00, 0x00,
  0x00, 0x00, 0x00, 0x00, 0x00, 0x00, 0x00, 0x00, 0x00, 0x00, 0x00, 0x00,
  0x00, 0x00, 0x00, 0x00, 0x00, 0x00, 0x00, 0x00, 0x00, 0x00, 0x00, 0x00,
  0x00, 0x00, 0x00, 0x00, 0x00, 0x00, 0x00, 0x00, 0x00, 0x00, 0x00, 0x00,
  0x00, 0x00, 0x00, 0x00, 0x00, 0x00, 0x00, 0x00, 0x00, 0x00, 0x00, 0x00,
  0x00, 0x00, 0x00, 0x00, 0x00, 0x00, 0x00, 0x00, 0x00, 0x00, 0x00, 0x00,
  0x00, 0x00, 0x00, 0x00, 0x00, 0x00, 0x00, 0x00, 0x00, 0x00, 0x00, 0x00,
  0x00, 0x00, 0x00, 0x00, 0x00, 0x00, 0x00, 0x00, 0x00, 0x00, 0x00, 0x00,
  0x00, 0x00, 0x00, 0x00, 0x00, 0x00, 0x00, 0x00, 0x00, 0x00, 0x00, 0x00,
  0x00, 0x00, 0x00, 0x00, 0x00, 0x00, 0x00, 0x00, 0x00, 0x00, 0x00, 0x00,
  0x00, 0x00, 0x00, 0x00, 0x00, 0x00, 0x00, 0x00, 0x00, 0x00, 0x00, 0x00,
  0x00, 0x00, 0x00, 0x00, 0x00, 0x00, 0x00, 0x00, 0x00, 0x00, 0x00, 0x00,
  0x00, 0x00, 0x00, 0x00, 0x00, 0x00, 0x00, 0x00, 0x00, 0x00, 0x00, 0x00,
  0x00, 0x00, 0x00, 0x00, 0x00, 0x00, 0x00, 0x00, 0x00, 0x00, 0x00, 0x00,
  0x00, 0x00, 0x00, 0x00, 0x00, 0x00, 0x00, 0x00, 0x00, 0x00, 0x00, 0x00,
  0x00, 0x00, 0x00, 0x00, 0x00, 0x00, 0x00, 0x00, 0x00, 0x00, 0x00, 0x00,
  0x00, 0x00, 0x00, 0x00, 0x00, 0x00, 0x00, 0x00, 0x00, 0x00, 0x00, 0x00,
  0x00, 0x00, 0x00, 0x00, 0x00, 0x00, 0x00, 0x00, 0x00, 0x00, 0x00, 0x00,
  0x00, 0x00, 0x00, 0x00, 0x00, 0x00, 0x00, 0x00, 0x00, 0x00, 0x00, 0x00,
  0x00, 0x00, 0x00, 0x00, 0x00, 0x00, 0x00, 0x00, 0x00, 0x00, 0x00, 0x00,
  0x00, 0x00, 0x00, 0x00, 0x00, 0x00, 0x00, 0x00, 0x00, 0x00, 0x00, 0x00,
  0x00, 0x00, 0x00, 0x00, 0x00, 0x00, 0x00, 0x00, 0x00, 0x00, 0x00, 0x00,
  0x00, 0x00, 0x00, 0x00, 0x00, 0x00, 0x00, 0x00, 0x00, 0x00, 0x00, 0x00,
  0x00, 0x00, 0x00, 0x00, 0x00, 0x00, 0x00, 0x00, 0x00, 0x00, 0x00, 0x00,
  0x00, 0x00, 0x00, 0x00, 0x00, 0x00, 0x00, 0x00, 0x00, 0x00, 0x00, 0x00,
  0x00, 0x00, 0x00, 0x00, 0x00, 0x00, 0x00, 0x00, 0x00, 0x00, 0x00, 0x00,
  0x00, 0x00, 0x00, 0x00, 0x00, 0x00, 0x00, 0x00, 0x00, 0x00, 0x00, 0x00,
  0x00, 0x00, 0x00, 0x00, 0x00, 0x00, 0x00, 0x00, 0x00, 0x00, 0x00, 0x00,
  0x00, 0x00, 0x00, 0x00, 0x00, 0x00, 0x00, 0x00, 0x00, 0x00, 0x00, 0x00,
  0x00, 0x00, 0x00, 0x00, 0x00, 0x00, 0x00, 0x00, 0x00, 0x00, 0x00, 0x00,
  0x00, 0x00, 0x00, 0x00, 0x00, 0x00, 0x00, 0x00, 0x00, 0x00, 0x00, 0x00,
  0x00, 0x00, 0x00, 0x00, 0x00, 0x00, 0x00, 0x00, 0x00, 0x00, 0x00, 0x00,
  0x00, 0x00, 0x00, 0x00, 0x00, 0x00, 0x00, 0x00, 0x00, 0x00, 0x00, 0x00,
  0x00, 0x00, 0x00, 0x00, 0x00, 0x00, 0x00, 0x00, 0x00, 0x00, 0x00, 0x00,
  0x00, 0x00, 0x00, 0x00, 0x00, 0x00, 0x00, 0x00, 0x00, 0x00, 0x00, 0x00,
  0x00, 0x00, 0x00, 0x00, 0x00, 0x00, 0x00, 0x00, 0x00, 0x00, 0x00, 0x00,
  0x00, 0x00, 0x00, 0x00, 0x00, 0x00, 0x00, 0x00, 0x00, 0x00, 0x00, 0x00,
  0x00, 0x00, 0x00, 0x00, 0x00, 0x00, 0x00, 0x00, 0x00, 0x00, 0x00, 0x00,
  0x00, 0x00, 0x00, 0x00, 0x00, 0x00, 0x00, 0x00, 0x00, 0x00, 0x00, 0x00,
  0x00, 0x00, 0x00, 0x00, 0x00, 0x00, 0x00, 0x00, 0x00, 0x00, 0x00, 0x00,
  0x00, 0x00, 0x00, 0x00, 0x00, 0x00, 0x00, 0x00, 0x00, 0x00, 0x00, 0x00,
  0x00, 0x00, 0x00, 0x00, 0x00, 0x00, 0x00, 0x00, 0x00, 0x00, 0x00, 0x00,
  0x00, 0x00, 0x00, 0x00, 0x00, 0x00, 0x00, 0x00, 0x00, 0x00, 0x00, 0x00,
  0x00, 0x00, 0x00, 0x00, 0x00, 0x00, 0x00, 0x00, 0x00, 0x00, 0x00, 0x00,
  0x00, 0x00, 0x00, 0x00, 0x00, 0x00, 0x00, 0x00, 0x00, 0x00, 0x00, 0x00,
  0x00, 0x00, 0x00, 0x00, 0x00, 0x00, 0x00, 0x00, 0x00, 0x00, 0x00, 0x00,
  0x00, 0x00, 0x00, 0x00, 0x00, 0x00, 0x00, 0x00, 0x00, 0x00, 0x00, 0x00,
  0x00, 0x00, 0x00, 0x00, 0x00, 0x00, 0x00, 0x00, 0x00, 0x00, 0x00, 0x00,
  0x00, 0x00, 0x00, 0x00, 0x00, 0x00, 0x00, 0x00, 0x00, 0x00, 0x00, 0x00,
  0x00, 0x00, 0x00, 0x00, 0x00, 0x00, 0x00, 0x00, 0x00, 0x00, 0x00, 0x00,
  0x00, 0x00, 0x00, 0x00, 0x00, 0x00, 0x00, 0x00, 0x00, 0x00, 0x00, 0x00,
  0x00, 0x00, 0x00, 0x00, 0x00, 0x00, 0x00, 0x00, 0x00, 0x00, 0x00, 0x00,
  0x00, 0x00, 0x00, 0x00, 0x00, 0x00, 0x00, 0x00, 0x00, 0x00, 0x00, 0x00,
  0x00, 0x00, 0x00, 0x00, 0x00, 0x00, 0x00, 0x00, 0x00, 0x00, 0x00, 0x00,
  0x00, 0x00, 0x00, 0x00, 0x00, 0x00, 0x00, 0x00, 0x00, 0x00, 0x00, 0x00,
  0x00, 0x00, 0x00, 0x00, 0x00, 0x00, 0x00, 0x00, 0x00, 0x00, 0x00, 0x00,
  0x00, 0x00, 0x00, 0x00, 0x00, 0x00, 0x00, 0x00, 0x00, 0x00, 0x00, 0x00,
  0x00, 0x00, 0x00, 0x00, 0x00, 0x00, 0x00, 0x00, 0x00, 0x00, 0x00, 0x00,
  0x00, 0x00, 0x00, 0x00, 0x00, 0x00, 0x00, 0x00, 0x00, 0x00, 0x00, 0x00,
  0x00, 0x00, 0x00, 0x00, 0x00, 0x00, 0x00, 0x00, 0x00, 0x00, 0x00, 0x00,
  0x00, 0x00, 0x00, 0x00, 0x00, 0x00, 0x00, 0x00, 0x00, 0x00, 0x00, 0x00,
  0x00, 0x00, 0x00, 0x00, 0x00, 0x00, 0x00, 0x00, 0x00, 0x00, 0x00, 0x00,
  0x00, 0x00, 0x00, 0x00, 0x00, 0x00, 0x00, 0x00, 0x00, 0x00, 0x00, 0x00,
  0x00, 0x00, 0x00, 0x00, 0x00, 0x00, 0x00, 0x00, 0x00, 0x00, 0x00, 0x00,
  0x00, 0x00, 0x00, 0x00, 0x00, 0x00, 0x00, 0x00, 0x00, 0x00, 0x00, 0x00,
  0x00, 0x00, 0x00, 0x00, 0x00, 0x00, 0x00, 0x00, 0x00, 0x00, 0x00, 0x00,
  0x00, 0x00, 0x00, 0x00, 0x00, 0x00, 0x00, 0x00, 0x00, 0x00, 0x00, 0x00,
  0x00, 0x00, 0x00, 0x00, 0x00, 0x00, 0x00, 0x00, 0x00, 0x00, 0x00, 0x00,
  0x00, 0x00, 0x00, 0x00, 0x00, 0x00, 0x00, 0x00, 0x00, 0x00, 0x00, 0x00,
  0x00, 0x00, 0x00, 0x00, 0x00, 0x00, 0x00, 0x00, 0x00, 0x00, 0x00, 0x00,
  0x00, 0x00, 0x00, 0x00, 0x00, 0x00, 0x00, 0x00, 0x00, 0x00, 0x00, 0x00,
  0x00, 0x00, 0x00, 0x00, 0x00, 0x00, 0x00, 0x00, 0x00, 0x00, 0x00, 0x00,
  0x00, 0x00, 0x00, 0x00, 0x00, 0x00, 0x00, 0x00, 0x00, 0x00, 0x00, 0x00,
  0x00, 0x00, 0x00, 0x00, 0x00, 0x00, 0x00, 0x00, 0x00, 0x00, 0x00, 0x00,
  0x00, 0x00, 0x00, 0x00, 0x00, 0x00, 0x00, 0x00, 0x00, 0x00, 0x00, 0x00,
  0x00, 0x00, 0x00, 0x00, 0x00, 0x00, 0x00, 0x00, 0x00, 0x00, 0x00, 0x00,
  0x00, 0x00, 0x00, 0x00, 0x00, 0x00, 0x00, 0x00, 0x00, 0x00, 0x00, 0x00,
  0x00, 0x00, 0x00, 0x00, 0x00, 0x00, 0x00, 0x00, 0x00, 0x00, 0x00, 0x00,
  0x00, 0x00, 0x00, 0x00, 0x00, 0x00, 0x00, 0x00, 0x00, 0x00, 0x00, 0x00,
  0x00, 0x00, 0x00, 0x00, 0x00, 0x00, 0x00, 0x00, 0x00, 0x00, 0x00, 0x00,
  0x00, 0x00, 0x00, 0x00, 0x00, 0x00, 0x00, 0x00, 0x00, 0x00, 0x00, 0x00,
  0x00, 0x00, 0x00, 0x00, 0x00, 0x00, 0x00, 0x00, 0x00, 0x00, 0x00, 0x00,
  0x00, 0x00, 0x00, 0x00, 0x00, 0x00, 0x00, 0x00, 0x00, 0x00, 0x00, 0x00,
  0x00, 0x00, 0x00, 0x00, 0x00, 0x00, 0x00, 0x00, 0x00, 0x00, 0x00, 0x00,
  0x00, 0x00, 0x00, 0x00, 0x00, 0x00, 0x00, 0x00, 0x00, 0x00, 0x00, 0x00,
  0x00, 0x00, 0x00, 0x00, 0x00, 0x00, 0x00, 0x00, 0x00, 0x00, 0x00, 0x00,
  0x00, 0x00, 0x00, 0x00, 0x00, 0x00, 0x00, 0x00, 0x00, 0x00, 0x00, 0x00,
  0x00, 0x00, 0x00, 0x00, 0x00, 0x00, 0x00, 0x00, 0x00, 0x00, 0x00, 0x00,
  0x00, 0x00, 0x00, 0x00, 0x00, 0x00, 0x00, 0x00, 0x00, 0x00, 0x00, 0x00,
  0x00, 0x00, 0x00, 0x00, 0x00, 0x00, 0x00, 0x00, 0x00, 0x00, 0x00, 0x00,
  0x00, 0x00, 0x00, 0x00, 0x00, 0x00, 0x00, 0x00, 0x00, 0x00, 0x00, 0x00,
  0x00, 0x00, 0x00, 0x00, 0x00, 0x00, 0x00, 0x00, 0x00, 0x00, 0x00, 0x00,
  0x00, 0x00, 0x00, 0x00, 0x00, 0x00, 0x00, 0x00, 0x00, 0x00, 0x00, 0x00,
  0x00, 0x00, 0x00, 0x00, 0x00, 0x00, 0x00, 0x00, 0x00, 0x00, 0x00, 0x00,
  0x00, 0x00, 0x00, 0x00, 0x00, 0x00, 0x00, 0x00, 0x00, 0x00, 0x00, 0x00,
  0x00, 0x00, 0x00, 0x00, 0x00, 0x00, 0x00, 0x00, 0x00, 0x00, 0x00, 0x00,
  0x00, 0x00, 0x00, 0x00, 0x00, 0x00, 0x00, 0x00, 0x00, 0x00, 0x00, 0x00,
  0x00, 0x00, 0x00, 0x00, 0x00, 0x00, 0x00, 0x00, 0x00, 0x00, 0x00, 0x00,
  0x00, 0x00, 0x00, 0x00, 0x00, 0x00, 0x00, 0x00, 0x00, 0x00, 0x00, 0x00,
  0x00, 0x00, 0x00, 0x00, 0x00, 0x00, 0x00, 0x00, 0x00, 0x00, 0x00, 0x00,
  0x00, 0x00, 0x00, 0x00, 0x00, 0x00, 0x00, 0x00, 0x00, 0x00, 0x00, 0x00,
  0x00, 0x00, 0x00, 0x00, 0x00, 0x00, 0x00, 0x00, 0x00, 0x00, 0x00, 0x00,
  0x00, 0x00, 0x00, 0x00, 0x00, 0x00, 0x00, 0x00, 0x00, 0x00, 0x00, 0x00,
  0x00, 0x00, 0x00, 0x00, 0x00, 0x00, 0x00, 0x00, 0x00, 0x00, 0x00, 0x00,
  0x00, 0x00, 0x00, 0x00, 0x00, 0x00, 0x00, 0x00, 0x00, 0x00, 0x00, 0x00,
  0x00, 0x00, 0x00, 0x00, 0x00, 0x00, 0x00, 0x00, 0x00, 0x00, 0x00, 0x00,
  0x00, 0x00, 0x00, 0x00, 0x00, 0x00, 0x00, 0x00, 0x00, 0x00, 0x00, 0x00,
  0x00, 0x00, 0x00, 0x00, 0x00, 0x00, 0x00, 0x00, 0x00, 0x00, 0x00, 0x00,
  0x00, 0x00, 0x00, 0x00, 0x00, 0x00, 0x00, 0x00, 0x00, 0x00, 0x00, 0x00,
  0x00, 0x00, 0x00, 0x00, 0x00, 0x00, 0x00, 0x00, 0x00, 0x00, 0x00, 0x00,
  0x00, 0x00, 0x00, 0x00, 0x00, 0x00, 0x00, 0x00, 0x00, 0x00, 0x00, 0x00,
  0x00, 0x00, 0x00, 0x00, 0x00, 0x00, 0x00, 0x00, 0x00, 0x00, 0x00, 0x00,
  0x00, 0x00, 0x00, 0x00, 0x00, 0x00, 0x00, 0x00, 0x00, 0x00, 0x00, 0x00,
  0x00, 0x00, 0x00, 0x00, 0x00, 0x00, 0x00, 0x00, 0x00, 0x00, 0x00, 0x00,
  0x00, 0x00, 0x00, 0x00, 0x00, 0x00, 0x00, 0x00, 0x00, 0x00, 0x00, 0x00,
  0x00, 0x00, 0x00, 0x00, 0x00, 0x00, 0x00, 0x00, 0x00, 0x00, 0x00, 0x00,
  0x00, 0x00, 0x00, 0x00, 0x00, 0x00, 0x00, 0x00, 0x00, 0x00, 0x00, 0x00,
  0x00, 0x00, 0x00, 0x00, 0x00, 0x00, 0x00, 0x00, 0x00, 0x00, 0x00, 0x00,
  0x00, 0x00, 0x00, 0x00, 0x00, 0x00, 0x00, 0x00, 0x00, 0x00, 0x00, 0x00,
  0x00, 0x00, 0x00, 0x00, 0x00, 0x00, 0x00, 0x00, 0x00, 0x00, 0x00, 0x00,
  0x00, 0x00, 0x00, 0x00, 0x00, 0x00, 0x00, 0x00, 0x00, 0x00, 0x00, 0x00,
  0x00, 0x00, 0x00, 0x00, 0x00, 0x00, 0x00, 0x00, 0x00, 0x00, 0x00, 0x00,
  0x00, 0x00, 0x00, 0x00, 0x00, 0x00, 0x00, 0x00, 0x00, 0x00, 0x00, 0x00,
  0x00, 0x00, 0x00, 0x00, 0x00, 0x00, 0x00, 0x00, 0x00, 0x00, 0x00, 0x00,
  0x00, 0x00, 0x00, 0x00, 0x00, 0x00, 0x00, 0x00, 0x00, 0x00, 0x00, 0x00,
  0x00, 0x00, 0x00, 0x00, 0x00, 0x00, 0x00, 0x00, 0x00, 0x00, 0x00, 0x00,
  0x00, 0x00, 0x00, 0x00, 0x00, 0x00, 0x00, 0x00, 0x00, 0x00, 0x00, 0x00,
  0x00, 0x00, 0x00, 0x00, 0x00, 0x00, 0x00, 0x00, 0x00, 0x00, 0x00, 0x00,
  0x00, 0x00, 0x00, 0x00, 0x00, 0x00, 0x00, 0x00, 0x00, 0x00, 0x00, 0x00,
  0x00, 0x00, 0x00, 0x00, 0x00, 0x00, 0x00, 0x00, 0x00, 0x00, 0x00, 0x00,
  0x00, 0x00, 0x00, 0x00, 0x00, 0x00, 0x00, 0x00, 0x00, 0x00, 0x00, 0x00,
  0x00, 0x00, 0x00, 0x00, 0x00, 0x00, 0x00, 0x00, 0x00, 0x00, 0x00, 0x00,
  0x00, 0x00, 0x00, 0x00, 0x00, 0x00, 0x00, 0x00, 0x00, 0x00, 0x00, 0x00,
  0x00, 0x00, 0x00, 0x00, 0x00, 0x00, 0x00, 0x00, 0x00, 0x00, 0x00, 0x00,
  0x00, 0x00, 0x00, 0x00, 0x00, 0x00, 0x00, 0x00, 0x00, 0x00, 0x00, 0x00,
  0x00, 0x00, 0x00, 0x00, 0x00, 0x00, 0x00, 0x00, 0x00, 0x00, 0x00, 0x00,
  0x00, 0x00, 0x00, 0x00, 0x00, 0x00, 0x00, 0x00, 0x00, 0x00, 0x00, 0x00,
  0x00, 0x00, 0x00, 0x00, 0x00, 0x00, 0x00, 0x00, 0x00, 0x00, 0x00, 0x00,
  0x00, 0x00, 0x00, 0x00, 0x00, 0x00, 0x00, 0x00, 0x00, 0x00, 0x00, 0x00,
  0x00, 0x00, 0x00, 0x00, 0x00, 0x00, 0x00, 0x00, 0x00, 0x00, 0x00, 0x00,
  0x00, 0x00, 0x00, 0x00, 0x00, 0x00, 0x00, 0x00, 0x00, 0x00, 0x00, 0x00,
  0x00, 0x00, 0x00, 0x00, 0x00, 0x00, 0x00, 0x00, 0x00, 0x00, 0x00, 0x00,
  0x00, 0x00, 0x00, 0x00, 0x00, 0x00, 0x00, 0x00, 0x00, 0x00, 0x00, 0x00,
  0x00, 0x00, 0x00, 0x00, 0x00, 0x00, 0x00, 0x00, 0x00, 0x00, 0x00, 0x00,
  0x00, 0x00, 0x00, 0x00, 0x00, 0x00, 0x00, 0x00, 0x00, 0x00, 0x00, 0x00,
  0x00, 0x00, 0x00, 0x00, 0x00, 0x00, 0x00, 0x00, 0x00, 0x00, 0x00, 0x00,
  0x00, 0x00, 0x00, 0x00, 0x00, 0x00, 0x00, 0x00, 0x00, 0x00, 0x00, 0x00,
  0x00, 0x00, 0x00, 0x00, 0x00, 0x00, 0x00, 0x00, 0x00, 0x00, 0x00, 0x00,
  0x00, 0x00, 0x00, 0x00, 0x00, 0x00, 0x00, 0x00, 0x00, 0x00, 0x00, 0x00,
  0x00, 0x00, 0x00, 0x00, 0x00, 0x00, 0x00, 0x00, 0x00, 0x00, 0x00, 0x00,
  0x00, 0x00, 0x00, 0x00, 0x00, 0x00, 0x00, 0x00, 0x00, 0x00, 0x00, 0x00,
  0x00, 0x00, 0x00, 0x00, 0x00, 0x00, 0x00, 0x00, 0x00, 0x00, 0x00, 0x00,
  0x00, 0x00, 0x00, 0x00, 0x00, 0x00, 0x00, 0x00, 0x00, 0x00, 0x00, 0x00,
  0x00, 0x00, 0x00, 0x00, 0x00, 0x00, 0x00, 0x00, 0x00, 0x00, 0x00, 0x00,
  0x00, 0x00, 0x00, 0x00, 0x00, 0x00, 0x00, 0x00, 0x00, 0x00, 0x00, 0x00,
  0x00, 0x00, 0x00, 0x00, 0x00, 0x00, 0x00, 0x00, 0x00, 0x00, 0x00, 0x00,
  0x00, 0x00, 0x00, 0x00, 0x00, 0x00, 0x00, 0x00, 0x00, 0x00, 0x00, 0x00,
  0x00, 0x00, 0x00, 0x00, 0x00, 0x00, 0x00, 0x00, 0x00, 0x00, 0x00, 0x00,
  0x00, 0x00, 0x00, 0x00, 0x00, 0x00, 0x00, 0x00, 0x00, 0x00, 0x00, 0x00,
  0x00, 0x00, 0x00, 0x00, 0x00, 0x00, 0x00, 0x00, 0x00, 0x00, 0x00, 0x00,
  0x00, 0x00, 0x00, 0x00, 0x00, 0x00, 0x00, 0x00, 0x00, 0x00, 0x00, 0x00,
  0x00, 0x00, 0x00, 0x00, 0x00, 0x00, 0x00, 0x00, 0x00, 0x00, 0x00, 0x00,
  0x00, 0x00, 0x00, 0x00, 0x00, 0x00, 0x00, 0x00, 0x00, 0x00, 0x00, 0x00,
  0x00, 0x00, 0x00, 0x00, 0x00, 0x00, 0x00, 0x00, 0x00, 0x00, 0x00, 0x00,
  0x00, 0x00, 0x00, 0x00, 0x00, 0x00, 0x00, 0x00, 0x00, 0x00, 0x00, 0x00,
  0x00, 0x00, 0x00, 0x00, 0x00, 0x00, 0x00, 0x00, 0x00, 0x00, 0x00, 0x00,
  0x00, 0x00, 0x00, 0x00, 0x00, 0x00, 0x00, 0x00, 0x00, 0x00, 0x00, 0x00,
  0x00, 0x00, 0x00, 0x00, 0x00, 0x00, 0x00, 0x00, 0x00, 0x00, 0x00, 0x00,
  0x00, 0x00, 0x00, 0x00, 0x00, 0x00, 0x00, 0x00, 0x00, 0x00, 0x00, 0x00,
  0x00, 0x00, 0x00, 0x00, 0x00, 0x00, 0x00, 0x00, 0x00, 0x00, 0x00, 0x00,
  0x00, 0x00, 0x00, 0x00, 0x00, 0x00, 0x00, 0x00, 0x00, 0x00, 0x00, 0x00,
  0x00, 0x00, 0x00, 0x00, 0x00, 0x00, 0x00, 0x00, 0x00, 0x00, 0x00, 0x00,
  0x00, 0x00, 0x00, 0x00, 0x00, 0x00, 0x00, 0x00, 0x00, 0x00, 0x00, 0x00,
  0x00, 0x00, 0x00, 0x00, 0x00, 0x00, 0x00, 0x00, 0x00, 0x00, 0x00, 0x00,
  0x00, 0x00, 0x00, 0x00, 0x00, 0x00, 0x00, 0x00, 0x00, 0x00, 0x00, 0x00,
  0x00, 0x00, 0x00, 0x00, 0x00, 0x00, 0x00, 0x00, 0x00, 0x00, 0x00, 0x00,
  0x00, 0x00, 0x00, 0x00, 0x00, 0x00, 0x00, 0x00, 0x00, 0x00, 0x00, 0x00,
  0x00, 0x00, 0x00, 0x00, 0x00, 0x00, 0x00, 0x00, 0x00, 0x00, 0x00, 0x00,
  0x00, 0x00, 0x00, 0x00, 0x00, 0x00, 0x00, 0x00, 0x00, 0x00, 0x00, 0x00,
  0x00, 0x00, 0x00, 0x00, 0x00, 0x00, 0x00, 0x00, 0x00, 0x00, 0x00, 0x00,
  0x00, 0x00, 0x00, 0x00, 0x00, 0x00, 0x00, 0x00, 0x00, 0x00, 0x00, 0x00,
  0x00, 0x00, 0x00, 0x00, 0x00, 0x00, 0x00, 0x00, 0x00, 0x00, 0x00, 0x00,
  0x00, 0x00, 0x00, 0x00, 0x00, 0x00, 0x00, 0x00, 0x00, 0x00, 0x00, 0x00,
  0x00, 0x00, 0x00, 0x00, 0x00, 0x00, 0x00, 0x00, 0x00, 0x00, 0x00, 0x00,
  0x00, 0x00, 0x00, 0x00, 0x00, 0x00, 0x00, 0x00, 0x00, 0x00, 0x00, 0x00,
  0x00, 0x00, 0x00, 0x00, 0x00, 0x00, 0x00, 0x00, 0x00, 0x00, 0x00, 0x00,
  0x00, 0x00, 0x00, 0x00, 0x00, 0x00, 0x00, 0x00, 0x00, 0x00, 0x00, 0x00,
  0x00, 0x00, 0x00, 0x00, 0x00, 0x00, 0x00, 0x00, 0x00, 0x00, 0x00, 0x00,
  0x00, 0x00, 0x00, 0x00, 0x00, 0x00, 0x00, 0x00, 0x00, 0x00, 0x00, 0x00,
  0x00, 0x00, 0x00, 0x00, 0x00, 0x00, 0x00, 0x00, 0x00, 0x00, 0x00, 0x00,
  0x00, 0x00, 0x00, 0x00, 0x00, 0x00, 0x00, 0x00, 0x00, 0x00, 0x00, 0x00,
  0x00, 0x00, 0x00, 0x00, 0x00, 0x00, 0x00, 0x00, 0x00, 0x00, 0x00, 0x00,
  0x00, 0x00, 0x00, 0x00, 0x00, 0x00, 0x00, 0x00, 0x00, 0x00, 0x00, 0x00,
  0x00, 0x00, 0x00, 0x00, 0x00, 0x00, 0x00, 0x00, 0x00, 0x00, 0x00, 0x00,
  0x00, 0x00, 0x00, 0x00, 0x00, 0x00, 0x00, 0x00, 0x00, 0x00, 0x00, 0x00,
  0x00, 0x00, 0x00, 0x00, 0x00, 0x00, 0x00, 0x00, 0x00, 0x00, 0x00, 0x00,
  0x00, 0x00, 0x00, 0x00, 0x00, 0x00, 0x00, 0x00, 0x00, 0x00, 0x00, 0x00,
  0x00, 0x00, 0x00, 0x00, 0x00, 0x00, 0x00, 0x00, 0x00, 0x00, 0x00, 0x00,
  0x00, 0x00, 0x00, 0x00, 0x00, 0x00, 0x00, 0x00, 0x00, 0x00, 0x00, 0x00,
  0x00, 0x00, 0x00, 0x00, 0x00, 0x00, 0x00, 0x00, 0x00, 0x00, 0x00, 0x00,
  0x00, 0x00, 0x00, 0x00, 0x00, 0x00, 0x00, 0x00, 0x00, 0x00, 0x00, 0x00,
  0x00, 0x00, 0x00, 0x00, 0x00, 0x00, 0x00, 0x00, 0x00, 0x00, 0x00, 0x00,
  0x00, 0x00, 0x00, 0x00, 0x00, 0x00, 0x00, 0x00, 0x00, 0x00, 0x00, 0x00,
  0x00, 0x00, 0x00, 0x00, 0x00, 0x00, 0x00, 0x00, 0x00, 0x00, 0x00, 0x00,
  0x00, 0x00, 0x00, 0x00, 0x00, 0x00, 0x00, 0x00, 0x00, 0x00, 0x00, 0x00,
  0x00, 0x00, 0x00, 0x00, 0x00, 0x00, 0x00, 0x00, 0x00, 0x00, 0x00, 0x00,
  0x00, 0x00, 0x00, 0x00, 0x00, 0x00, 0x00, 0x00, 0x00, 0x00, 0x00, 0x00,
  0x00, 0x00, 0x00, 0x00, 0x00, 0x00, 0x00, 0x00, 0x00, 0x00, 0x00, 0x00,
  0x00, 0x00, 0x00, 0x00, 0x00, 0x00, 0x00, 0x00, 0x00, 0x00, 0x00, 0x00,
  0x00, 0x00, 0x00, 0x00, 0x00, 0x00, 0x00, 0x00, 0x00, 0x00, 0x00, 0x00,
  0x00, 0x00, 0x00, 0x00, 0x00, 0x00, 0x00, 0x00, 0x00, 0x00, 0x00, 0x00,
  0x00, 0x00, 0x00, 0x00, 0x00, 0x00, 0x00, 0x00, 0x00, 0x00, 0x00, 0x00,
  0x00, 0x00, 0x00, 0x00, 0x00, 0x00, 0x00, 0x00, 0x00, 0x00, 0x00, 0x00,
  0x00, 0x00, 0x00, 0x00, 0x00, 0x00, 0x00, 0x00, 0x00, 0x00, 0x00, 0x00,
  0x00, 0x00, 0x00, 0x00, 0x00, 0x00, 0x00, 0x00, 0x00, 0x00, 0x00, 0x00,
  0x00, 0x00, 0x00, 0x00, 0x00, 0x00, 0x00, 0x00, 0x00, 0x00, 0x00, 0x00,
  0x00, 0x00, 0x00, 0x00, 0x00, 0x00, 0x00, 0x00, 0x00, 0x00, 0x00, 0x00,
  0x00, 0x00, 0x00, 0x00, 0x00, 0x00, 0x00, 0x00, 0x00, 0x00, 0x00, 0x00,
  0x00, 0x00, 0x00, 0x00, 0x00, 0x00, 0x00, 0x00, 0x00, 0x00, 0x00, 0x00,
  0x00, 0x00, 0x00, 0x00, 0x00, 0x00, 0x00, 0x00, 0x00, 0x00, 0x00, 0x00,
  0x00, 0x00, 0x00, 0x00, 0x00, 0x00, 0x00, 0x00, 0x00, 0x00, 0x00, 0x00,
  0x00, 0x00, 0x00, 0x00, 0x00, 0x00, 0x00, 0x00, 0x00, 0x00, 0x00, 0x00,
  0x00, 0x00, 0x00, 0x00, 0x00, 0x00, 0x00, 0x00, 0x00, 0x00, 0x00, 0x00,
  0x00, 0x00, 0x00, 0x00, 0x00, 0x00, 0x00, 0x00, 0x00, 0x00, 0x00, 0x00,
  0x00, 0x00, 0x00, 0x00, 0x00, 0x00, 0x00, 0x00, 0x00, 0x00, 0x00, 0x00,
  0x00, 0x00, 0x00, 0x00, 0x00, 0x00, 0x00, 0x00, 0x00, 0x00, 0x00, 0x00,
  0x00, 0x00, 0x00, 0x00, 0x00, 0x00, 0x00, 0x00, 0x00, 0x00, 0x00, 0x00,
  0x00, 0x00, 0x00, 0x00, 0x00, 0x00, 0x00, 0x00, 0x00, 0x00, 0x00, 0x00,
  0x00, 0x00, 0x00, 0x00, 0x00, 0x00, 0x00, 0x00, 0x00, 0x00, 0x00, 0x00,
  0x00, 0x00, 0x00, 0x00, 0x00, 0x00, 0x00, 0x00, 0x00, 0x00, 0x00, 0x00,
  0x00, 0x00, 0x00, 0x00, 0x00, 0x00, 0x00, 0x00, 0x00, 0x00, 0x00, 0x00,
  0x00, 0x00, 0x00, 0x00, 0x00, 0x00, 0x00, 0x00, 0x00, 0x00, 0x00, 0x00,
  0x00, 0x00, 0x00, 0x00, 0x00, 0x00, 0x00, 0x00, 0x00, 0x00, 0x00, 0x00,
  0x00, 0x00, 0x00, 0x00, 0x00, 0x00, 0x00, 0x00, 0x00, 0x00, 0x00, 0x00,
  0x00, 0x00, 0x00, 0x00, 0x00, 0x00, 0x00, 0x00, 0x00, 0x00, 0x00, 0x00,
  0x00, 0x00, 0x00, 0x00, 0x00, 0x00, 0x00, 0x00, 0x00, 0x00, 0x00, 0x00,
  0x00, 0x00, 0x00, 0x00, 0x00, 0x00, 0x00, 0x00, 0x00, 0x00, 0x00, 0x00,
  0x00, 0x00, 0x00, 0x00, 0x00, 0x00, 0x00, 0x00, 0x00, 0x13, 0x00, 0x00,
  0x00, 0x00, 0x00, 0x00, 0xb0, 0x12, 0x00, 0x00, 0x00, 0x00, 0x00, 0x00,
  0x01, 0x00, 0x00, 0x00, 0x00, 0x00, 0x00, 0x00, 0xb5, 0x01, 0x00, 0x00,
  0x00, 0x00, 0x00, 0x00, 0x01, 0x00, 0x00, 0x00, 0x00, 0x00, 0x00, 0x00,
  0xc1, 0x01, 0x00, 0x00, 0x00, 0x00, 0x00, 0x00, 0x01, 0x00, 0x00, 0x00,
  0x00, 0x00, 0x00, 0x00, 0xd0, 0x01, 0x00, 0x00, 0x00, 0x00, 0x00, 0x00,
  0x0c, 0x00, 0x00, 0x00, 0x00, 0x00, 0x00, 0x00, 0x00, 0x10, 0x00, 0x00,
  0x00, 0x00, 0x00, 0x00, 0x0d, 0x00, 0x00, 0x00, 0x00, 0x00, 0x00, 0x00,
  0xa0, 0x17, 0x00, 0x00, 0x00, 0x00, 0x00, 0x00, 0x19, 0x00, 0x00, 0x00,
  0x00, 0x00, 0x00, 0x00, 0xb0, 0x3d, 0x00, 0x00, 0x00, 0x00, 0x00, 0x00,
  0x1b, 0x00, 0x00, 0x00, 0x00, 0x00, 0x00, 0x00, 0x08, 0x00, 0x00, 0x00,
  0x00, 0x00, 0x00, 0x00, 0x1a, 0x00, 0x00, 0x00, 0x00, 0x00, 0x00, 0x00,
  0xb8, 0x3d, 0x00, 0x00, 0x00, 0x00, 0x00, 0x00, 0x1c, 0x00, 0x00, 0x00,
  0x00, 0x00, 0x00, 0x00, 0x08, 0x00, 0x00, 0x00, 0x00, 0x00, 0x00, 0x00,
  0xf5, 0xfe, 0xff, 0x6f, 0x00, 0x00, 0x00, 0x00, 0xc0, 0x03, 0x00, 0x00,
  0x00, 0x00, 0x00, 0x00, 0x05, 0x00, 0x00, 0x00, 0x00, 0x00, 0x00, 0x00,
  0x60, 0x07, 0x00, 0x00, 0x00, 0x00, 0x00, 0x00, 0x06, 0x00, 0x00, 0x00,
  0x00, 0x00, 0x00, 0x00, 0xe8, 0x03, 0x00, 0x00, 0x00, 0x00, 0x00, 0x00,
  0x0a, 0x00, 0x00, 0x00, 0x00, 0x00, 0x00, 0x00, 0x09, 0x02, 0x00, 0x00,
  0x00, 0x00, 0x00, 0x00, 0x0b, 0x00, 0x00, 0x00, 0x00, 0x00, 0x00, 0x00,
  0x18, 0x00, 0x00, 0x00, 0x00, 0x00, 0x00, 0x00, 0x15, 0x00, 0x00, 0x00,
  0x00, 0x00, 0x00, 0x00, 0x00, 0x00, 0x00, 0x00, 0x00, 0x00, 0x00, 0x00,
  0x03, 0x00, 0x00, 0x00, 0x00, 0x00, 0x00, 0x00, 0xe8, 0x3f, 0x00, 0x00,
  0x00, 0x00, 0x00, 0x00, 0x02, 0x00, 0x00, 0x00, 0x00, 0x00, 0x00, 0x00,
  0xd0, 0x02, 0x00, 0x00, 0x00, 0x00, 0x00, 0x00, 0x14, 0x00, 0x00, 0x00,
  0x00, 0x00, 0x00, 0x00, 0x07, 0x00, 0x00, 0x00, 0x00, 0x00, 0x00, 0x00,
  0x17, 0x00, 0x00, 0x00, 0x00, 0x00, 0x00, 0x00, 0x10, 0x0b, 0x00, 0x00,
  0x00, 0x00, 0x00, 0x00, 0x07, 0x00, 0x00, 0x00, 0x00, 0x00, 0x00, 0x00,
  0x38, 0x0a, 0x00, 0x00, 0x00, 0x00, 0x00, 0x00, 0x08, 0x00, 0x00, 0x00,
  0x00, 0x00, 0x00, 0x00, 0xd8, 0x00, 0x00, 0x00, 0x00, 0x00, 0x00, 0x00,
  0x09, 0x00, 0x00, 0x00, 0x00, 0x00, 0x00, 0x00, 0x18, 0x00, 0x00, 0x00,
  0x00, 0x00, 0x00, 0x00, 0xfb, 0xff, 0xff, 0x6f, 0x00, 0x00, 0x00, 0x00,
  0x00, 0x00, 0x00, 0x08, 0x00, 0x00, 0x00, 0x00, 0xfe, 0xff, 0xff, 0x6f,
  0x00, 0x00, 0x00, 0x00, 0xb8, 0x09, 0x00, 0x00, 0x00, 0x00, 0x00, 0x00,
  0xff, 0xff, 0xff, 0x6f, 0x00, 0x00, 0x00, 0x00, 0x03, 0x00, 0x00, 0x00,
  0x00, 0x00, 0x00, 0x00, 0xf0, 0xff, 0xff, 0x6f, 0x00, 0x00, 0x00, 0x00,
  0x6a, 0x09, 0x00, 0x00, 0x00, 0x00, 0x00, 0x00, 0xf9, 0xff, 0xff, 0x6f,
  0x00, 0x00, 0x00, 0x00, 0x03, 0x00, 0x00, 0x00, 0x00, 0x00, 0x00, 0x00,
  0x00, 0x00, 0x00, 0x00, 0x00, 0x00, 0x00, 0x00, 0x00, 0x00, 0x00, 0x00,
  0x00, 0x00, 0x00, 0x00, 0x00, 0x00, 0x00, 0x00, 0x00, 0x00, 0x00, 0x00,
  0x00, 0x00, 0x00, 0x00, 0x00, 0x00, 0x00, 0x00, 0x00, 0x00, 0x00, 0x00,
  0x00, 0x00, 0x00, 0x00, 0x00, 0x00, 0x00, 0x00, 0x00, 0x00, 0x00, 0x00,
  0x00, 0x00, 0x00, 0x00, 0x00, 0x00, 0x00, 0x00, 0x00, 0x00, 0x00, 0x00,
  0x00, 0x00, 0x00, 0x00, 0x00, 0x00, 0x00, 0x00, 0x00, 0x00, 0x00, 0x00,
  0x00, 0x00, 0x00, 0x00, 0x00, 0x00, 0x00, 0x00, 0x00, 0x00, 0x00, 0x00,
  0x00, 0x00, 0x00, 0x00, 0x00, 0x00, 0x00, 0x00, 0x00, 0x00, 0x00, 0x00,
  0x00, 0x00, 0x00, 0x00, 0x00, 0x00, 0x00, 0x00, 0x00, 0x00, 0x00, 0x00,
  0x00, 0x00, 0x00, 0x00, 0x00, 0x00, 0x00, 0x00, 0x00, 0x00, 0x00, 0x00,
  0xc0, 0x3d, 0x00, 0x00, 0x00, 0x00, 0x00, 0x00, 0x00, 0x00, 0x00, 0x00,
  0x00, 0x00, 0x00, 0x00, 0x00, 0x00, 0x00, 0x00, 0x00, 0x00, 0x00, 0x00,
  0x36, 0x10, 0x00, 0x00, 0x00, 0x00, 0x00, 0x00, 0x46, 0x10, 0x00, 0x00,
  0x00, 0x00, 0x00, 0x00, 0x56, 0x10, 0x00, 0x00, 0x00, 0x00, 0x00, 0x00,
  0x66, 0x10, 0x00, 0x00, 0x00, 0x00, 0x00, 0x00, 0x76, 0x10, 0x00, 0x00,
  0x00, 0x00, 0x00, 0x00, 0x86, 0x10, 0x00, 0x00, 0x00, 0x00, 0x00, 0x00,
  0x96, 0x10, 0x00, 0x00, 0x00, 0x00, 0x00, 0x00, 0xa6, 0x10, 0x00, 0x00,
  0x00, 0x00, 0x00, 0x00, 0xb6, 0x10, 0x00, 0x00, 0x00, 0x00, 0x00, 0x00,
  0xc6, 0x10, 0x00, 0x00, 0x00, 0x00, 0x00, 0x00, 0xd6, 0x10, 0x00, 0x00,
  0x00, 0x00, 0x00, 0x00, 0xe6, 0x10, 0x00, 0x00, 0x00, 0x00, 0x00, 0x00,
  0xf6, 0x10, 0x00, 0x00, 0x00, 0x00, 0x00, 0x00, 0x06, 0x11, 0x00, 0x00,
  0x00, 0x00, 0x00, 0x00, 0x16, 0x11, 0x00, 0x00, 0x00, 0x00, 0x00, 0x00,
  0x26, 0x11, 0x00, 0x00, 0x00, 0x00, 0x00, 0x00, 0x36, 0x11, 0x00, 0x00,
  0x00, 0x00, 0x00, 0x00, 0x46, 0x11, 0x00, 0x00, 0x00, 0x00, 0x00, 0x00,
  0x56, 0x11, 0x00, 0x00, 0x00, 0x00, 0x00, 0x00, 0x66, 0x11, 0x00, 0x00,
  0x00, 0x00, 0x00, 0x00, 0x76, 0x11, 0x00, 0x00, 0x00, 0x00, 0x00, 0x00,
  0x86, 0x11, 0x00, 0x00, 0x00, 0x00, 0x00, 0x00, 0x96, 0x11, 0x00, 0x00,
  0x00, 0x00, 0x00, 0x00, 0xa6, 0x11, 0x00, 0x00, 0x00, 0x00, 0x00, 0x00,
  0xb6, 0x11, 0x00, 0x00, 0x00, 0x00, 0x00, 0x00, 0xc6, 0x11, 0x00, 0x00,
  0x00, 0x00, 0x00, 0x00, 0xd6, 0x11, 0x00, 0x00, 0x00, 0x00, 0x00, 0x00,
  0xe6, 0x11, 0x00, 0x00, 0x00, 0x00, 0x00, 0x00, 0xf6, 0x11, 0x00, 0x00,
  0x00, 0x00, 0x00, 0x00, 0x06, 0x12, 0x00, 0x00, 0x00, 0x00, 0x00, 0x00,
  0x00, 0x00, 0x00, 0x00, 0x00, 0x00, 0x00, 0x00, 0x00, 0x00, 0x00, 0x00,
  0x00, 0x00, 0x00, 0x00, 0x00, 0x00, 0x00, 0x00, 0x00, 0x00, 0x00, 0x00,
  0x08, 0x41, 0x00, 0x00, 0x00, 0x00, 0x00, 0x00, 0x00, 0x00, 0x00, 0x00,
  0x00, 0x00, 0x00, 0x00, 0x00, 0x00, 0x00, 0x00, 0x00, 0x00, 0x00, 0x00,
  0x30, 0x82, 0x03, 0x39, 0x30, 0x82, 0x02, 0x21, 0xa0, 0x03, 0x02, 0x01,
  0x02, 0x02, 0x14, 0x68, 0x33, 0x90, 0x75, 0x1a, 0xf8, 0x0d, 0xd2, 0xd6,
  0xe6, 0x1c, 0xd0, 0x14, 0xf5, 0x79, 0x44, 0xd1, 0x9f, 0x2f, 0x66, 0x30,
  0x0d, 0x06, 0x09, 0x2a, 0x86, 0x48, 0x86, 0xf7, 0x0d, 0x01, 0x01, 0x0b,
  0x05, 0x00, 0x30, 0x45, 0x31, 0x0b, 0x30, 0x09, 0x06, 0x03, 0x55, 0x04,
  0x06, 0x13, 0x02, 0x41, 0x55, 0x31, 0x13, 0x30, 0x11, 0x06, 0x03, 0x55,
  0x04, 0x08, 0x0c, 0x0a, 0x53, 0x6f, 0x6d, 0x65, 0x2d, 0x53, 0x74, 0x61,
  0x74, 0x65, 0x31, 0x21, 0x30, 0x1f, 0x06, 0x03, 0x55, 0x04, 0x0a, 0x0c,
  0x18, 0x49, 0x6e, 0x74, 0x65, 0x72, 0x6e, 0x65, 0x74, 0x20, 0x57, 0x69,
  0x64, 0x67, 0x69, 0x74, 0x73, 0x20, 0x50, 0x74, 0x79, 0x20, 0x4c, 0x74,
  0x64, 0x30, 0x1e, 0x17, 0x0d, 0x32, 0x35, 0x30, 0x31, 0x30, 0x37, 0x31,
  0x31, 0x35, 0x38, 0x32, 0x35, 0x5a, 0x17, 0x0d, 0x32, 0x36, 0x30, 0x31,
  0x30, 0x37, 0x31, 0x31, 0x35, 0x38, 0x32, 0x35, 0x5a, 0x30, 0x45, 0x31,
  0x0b, 0x30, 0x09, 0x06, 0x03, 0x55, 0x04, 0x06, 0x13, 0x02, 0x41, 0x55,
  0x31, 0x13, 0x30, 0x11, 0x06, 0x03, 0x55, 0x04, 0x08, 0x0c, 0x0a, 0x53,
  0x6f, 0x6d, 0x65, 0x2d, 0x53, 0x74, 0x61, 0x74, 0x65, 0x31, 0x21, 0x30,
  0x1f, 0x06, 0x03, 0x55, 0x04, 0x0a, 0x0c, 0x18, 0x49, 0x6e, 0x74, 0x65,
  0x72, 0x6e, 0x65, 0x74, 0x20, 0x57, 0x69, 0x64, 0x67, 0x69, 0x74, 0x73,
  0x20, 0x50, 0x74, 0x79, 0x20, 0x4c, 0x74, 0x64, 0x30, 0x82, 0x01, 0x22,
  0x30, 0x0d, 0x06, 0x09, 0x2a, 0x86, 0x48, 0x86, 0xf7, 0x0d, 0x01, 0x01,
  0x01, 0x05, 0x00, 0x03, 0x82, 0x01, 0x0f, 0x00, 0x30, 0x82, 0x01, 0x0a,
  0x02, 0x82, 0x01, 0x01, 0x00, 0x9e, 0x2a, 0xbd, 0x98, 0x72, 0x12, 0x94,
  0xe1, 0x4a, 0x7e, 0x3e, 0xf1, 0x61, 0xda, 0x8d, 0xd5, 0xf7, 0x0b, 0x3f,
  0x73, 0x2d, 0x37, 0xa7, 0x29, 0x57, 0xb8, 0x81, 0x48, 0x11, 0x06, 0xdb,
  0xb5, 0xa3, 0xfc, 0x21, 0xd1, 0x7a, 0x34, 0xdd, 0x18, 0x18, 0x3f, 0xe0,
  0x15, 0x3a, 0x92, 0x2a, 0xf5, 0xe8, 0x42, 0x58, 0xd7, 0x21, 0xb0, 0xc4,
  0x3b, 0x86, 0x73, 0x94, 0xb9, 0x11, 0x84, 0xfd, 0xe1, 0x05, 0x96, 0xe6,
  0x1c, 0xee, 0xba, 0x5b, 0x2d, 0xea, 0xf9, 0x3b, 0x35, 0xbf, 0xdb, 0x2f,
  0xa8, 0xb6, 0xd1, 0xd1, 0xab, 0x17, 0x03, 0x9e, 0xfc, 0x03, 0xf1, 0x25,
  0x9d, 0xd2, 0x03, 0xcd, 0x06, 0x9b, 0x78, 0xa5, 0x76, 0xf4, 0xa7, 0x42,
  0xba, 0xb8, 0x74, 0xe6, 0xdf, 0x83, 0x8e, 0xdd, 0x80, 0xa9, 0xc9, 0x1e,
  0x84, 0x64, 0x48, 0xbd, 0xc7, 0x87, 0x15, 0x5a, 0x89, 0xc2, 0x62, 0xfe,
  0x43, 0x40, 0x08, 0x01, 0xf8, 0x89, 0xb0, 0xd1, 0x20, 0x7e, 0x33, 0xd8,
  0xb7, 0xd7, 0x99, 0xbb, 0xb3, 0x83, 0xf5, 0x14, 0x98, 0x6c, 0xea, 0xd0,
  0xbf, 0x5c, 0x4e, 0x9f, 0x80, 0x6c, 0xb5, 0x5d, 0x39, 0x7a, 0x44, 0xd8,
  0x59, 0x0f, 0xcf, 0xd2, 0x86, 0xdc, 0x03, 0x05, 0x47, 0xe5, 0x43, 0x38,
  0x11, 0x6d, 0x81, 0x80, 0x3f, 0xff, 0x0c, 0xd2, 0x27, 0x3f, 0x3e, 0xa6,
  0x5e, 0x88, 0x7c, 0x67, 0xd3, 0x0e, 0xf9, 0x69, 0x56, 0x0d, 0xfe, 0x9d,
  0x79, 0xa4, 0xa3, 0x03, 0x4b, 0xe3, 0x61, 0xe0, 0x56, 0xe4, 0x2c, 0xf5,
  0x09, 0xbc, 0x63, 0x16, 0x98, 0x2e, 0xcf, 0x78, 0x4b, 0x3b, 0xec, 0x21,
  0xd5, 0x1f, 0x0d, 0xe1, 0xed, 0xfa, 0x10, 0x1d, 0x31, 0x89, 0xc2, 0xdf,
  0x37, 0xc1, 0x08, 0xb2, 0xd4, 0x88, 0x05, 0xef, 0x63, 0x5a, 0xb7, 0x2c,
  0xd9, 0x79, 0xb4, 0x37, 0x39, 0x50, 0x46, 0x8e, 0x37, 0x02, 0x03, 0x01,
  0x00, 0x01, 0xa3, 0x21, 0x30, 0x1f, 0x30, 0x1d, 0x06, 0x03, 0x55, 0x1d,
  0x0e, 0x04, 0x16, 0x04, 0x14, 0x17, 0x0e, 0x58, 0x07, 0xf7, 0x67, 0x31,
  0xfd, 0x2c, 0xc0, 0x91, 0xff, 0x02, 0x8f, 0xee, 0x2b, 0x77, 0x7f, 0x8b,
  0xd2, 0x30, 0x0d, 0x06, 0x09, 0x2a, 0x86, 0x48, 0x86, 0xf7, 0x0d, 0x01,
  0x01, 0x0b, 0x05, 0x00, 0x03, 0x82, 0x01, 0x01, 0x00, 0x41, 0x14, 0x57,
  0x44, 0x87, 0x75, 0x53, 0xf3, 0xd6, 0xe6, 0x67, 0xfb, 0x3a, 0xbb, 0xb2,
  0xa1, 0x93, 0x44, 0xf0, 0x03, 0x17, 0x5a, 0x39, 0x13, 0xdb, 0x55, 0x3a,
  0xcc, 0xb7, 0xf4, 0x01, 0x0e, 0xcb, 0x0d, 0xb8, 0x4f, 0x5a, 0x0e, 0xff,
  0xa3, 0x27, 0x7c, 0x2c, 0x82, 0xcf, 0xae, 0x59, 0xeb, 0xad, 0x3d, 0xbc,
  0xab, 0x54, 0xc9, 0x10, 0xde, 0x1c, 0x1b, 0x4c, 0x8c, 0x49, 0xb4, 0x9d,
  0xab, 0x65, 0x83, 0x42, 0x3f, 0x7a, 0xf1, 0x28, 0xc5, 0x75, 0x53, 0x5e,
  0xa6, 0x97, 0xac, 0xfe, 0x60, 0x6d, 0x14, 0x97, 0x49, 0x23, 0x6c, 0x8b,
  0x58, 0xbc, 0xde, 0xb4, 0xda, 0xa2, 0x54, 0xc7, 0x5d, 0xc6, 0x09, 0x07,
  0x53, 0x98, 0x57, 0xfe, 0x9d, 0x49, 0x19, 0xf8, 0x8e, 0xbe, 0x0a, 0x18,
  0x96, 0xab, 0xe9, 0x39, 0x2a, 0x8f, 0x62, 0xef, 0x75, 0xc5, 0xfd, 0xe1,
  0x8e, 0x07, 0xa8, 0xfa, 0x8c, 0x91, 0xeb, 0x79, 0x84, 0xa9, 0x02, 0x67,
  0x26, 0xa6, 0x9b, 0xd8, 0x70, 0xe3, 0x0b, 0x65, 0x48, 0x5e, 0x1b, 0xd2,
  0xa2, 0xee, 0xf9, 0x46, 0xe1, 0x16, 0x50, 0x66, 0xa0, 0xe2, 0xa5, 0x74,
  0xc3, 0xd4, 0x0f, 0x95, 0x63, 0xff, 0x2f, 0x3f, 0xd6, 0x21, 0x24, 0xfa,
  0x70, 0xaf, 0x3f, 0x14, 0x51, 0xc7, 0xfe, 0xbe, 0xd0, 0x6f, 0xb6, 0x04,
  0x0e, 0xe3, 0xa5, 0xa4, 0x79, 0x8c, 0xaa, 0x40, 0xbf, 0xee, 0x31, 0x78,
  0x8e, 0x9e, 0x0b, 0xef, 0xd1, 0x9d, 0xa8, 0x20, 0x00, 0x7b, 0xaa, 0x32,
  0x01, 0xbe, 0xca, 0x28, 0xfe, 0x32, 0xb8, 0xfb, 0xa0, 0x9d, 0x00, 0xe1,
  0x33, 0xdc, 0xc7, 0x68, 0x26, 0xf8, 0x95, 0xd0, 0xa6, 0x93, 0x33, 0x20,
  0x99, 0x26, 0xc9, 0xbf, 0xd8, 0x92, 0x25, 0x3a, 0xea, 0x74, 0x63, 0xef,
  0xe3, 0x47, 0x59, 0x7d, 0xa0, 0x44, 0x3a, 0x11, 0xb4, 0xfc, 0xb0, 0xbb,
  0xa0, 0x00, 0x00, 0x00, 0x3d, 0x03, 0x00, 0x00, 0x00, 0x00, 0x00, 0x00,
  0x00, 0x00, 0x00, 0x00, 0x00, 0x00, 0x00, 0x00, 0x00, 0x00, 0x00, 0x00,
  0x00, 0x00, 0x00, 0x00, 0x00, 0x00, 0x00, 0x00, 0x00, 0x00, 0x00, 0x00,
  0x30, 0x82, 0x04, 0xbe, 0x02, 0x01, 0x00, 0x30, 0x0d, 0x06, 0x09, 0x2a,
  0x86, 0x48, 0x86, 0xf7, 0x0d, 0x01, 0x01, 0x01, 0x05, 0x00, 0x04, 0x82,
  0x04, 0xa8, 0x30, 0x82, 0x04, 0xa4, 0x02, 0x01, 0x00, 0x02, 0x82, 0x01,
  0x01, 0x00, 0x9e, 0x2a, 0xbd, 0x98, 0x72, 0x12, 0x94, 0xe1, 0x4a, 0x7e,
  0x3e, 0xf1, 0x61, 0xda, 0x8d, 0xd5, 0xf7, 0x0b, 0x3f, 0x73, 0x2d, 0x37,
  0xa7, 0x29, 0x57, 0xb8, 0x81, 0x48, 0x11, 0x06, 0xdb, 0xb5, 0xa3, 0xfc,
  0x21, 0xd1, 0x7a, 0x34, 0xdd, 0x18, 0x18, 0x3f, 0xe0, 0x15, 0x3a, 0x92,
  0x2a, 0xf5, 0xe8, 0x42, 0x58, 0xd7, 0x21, 0xb0, 0xc4, 0x3b, 0x86, 0x73,
  0x94, 0xb9, 0x11, 0x84, 0xfd, 0xe1, 0x05, 0x96, 0xe6, 0x1c, 0xee, 0xba,
  0x5b, 0x2d, 0xea, 0xf9, 0x3b, 0x35, 0xbf, 0xdb, 0x2f, 0xa8, 0xb6, 0xd1,
  0xd1, 0xab, 0x17, 0x03, 0x9e, 0xfc, 0x03, 0xf1, 0x25, 0x9d, 0xd2, 0x03,
  0xcd, 0x06, 0x9b, 0x78, 0xa5, 0x76, 0xf4, 0xa7, 0x42, 0xba, 0xb8, 0x74,
  0xe6, 0xdf, 0x83, 0x8e, 0xdd, 0x80, 0xa9, 0xc9, 0x1e, 0x84, 0x64, 0x48,
  0xbd, 0xc7, 0x87, 0x15, 0x5a, 0x89, 0xc2, 0x62, 0xfe, 0x43, 0x40, 0x08,
  0x01, 0xf8, 0x89, 0xb0, 0xd1, 0x20, 0x7e, 0x33, 0xd8, 0xb7, 0xd7, 0x99,
  0xbb, 0xb3, 0x83, 0xf5, 0x14, 0x98, 0x6c, 0xea, 0xd0, 0xbf, 0x5c, 0x4e,
  0x9f, 0x80, 0x6c, 0xb5, 0x5d, 0x39, 0x7a, 0x44, 0xd8, 0x59, 0x0f, 0xcf,
  0xd2, 0x86, 0xdc, 0x03, 0x05, 0x47, 0xe5, 0x43, 0x38, 0x11, 0x6d, 0x81,
  0x80, 0x3f, 0xff, 0x0c, 0xd2, 0x27, 0x3f, 0x3e, 0xa6, 0x5e, 0x88, 0x7c,
  0x67, 0xd3, 0x0e, 0xf9, 0x69, 0x56, 0x0d, 0xfe, 0x9d, 0x79, 0xa4, 0xa3,
  0x03, 0x4b, 0xe3, 0x61, 0xe0, 0x56, 0xe4, 0x2c, 0xf5, 0x09, 0xbc, 0x63,
  0x16, 0x98, 0x2e, 0xcf, 0x78, 0x4b, 0x3b, 0xec, 0x21, 0xd5, 0x1f, 0x0d,
  0xe1, 0xed, 0xfa, 0x10, 0x1d, 0x31, 0x89, 0xc2, 0xdf, 0x37, 0xc1, 0x08,
  0xb2, 0xd4, 0x88, 0x05, 0xef, 0x63, 0x5a, 0xb7, 0x2c, 0xd9, 0x79, 0xb4,
  0x37, 0x39, 0x50, 0x46, 0x8e, 0x37, 0x02, 0x03, 0x01, 0x00, 0x01, 0x02,
  0x82, 0x01, 0x00, 0x33, 0xb2, 0x8a, 0xa8, 0x02, 0x59, 0x1a, 0x7a, 0x8c,
  0xeb, 0xb8, 0xcd, 0x13, 0x0b, 0xe9, 0xa2, 0x4f, 0x0e, 0x49, 0x1d, 0xef,
  0x60, 0xaa, 0x6d, 0xb3, 0xf3, 0x65, 0xa6, 0x55, 0x92, 0x65, 0x4b, 0xf8,
  0x9e, 0x97, 0xbb, 0x2d, 0x73, 0x8b, 0xf4, 0xad, 0x30, 0x6b, 0xa0, 0xe4,
  0xb5, 0x13, 0xff, 0xae, 0x7b, 0xc9, 0x28, 0x00, 0x26, 0x13, 0xed, 0xd4,
  0xe3, 0x80, 0x70, 0x01, 0x4e, 0xf3, 0xe0, 0x92, 0x00, 0x21, 0x94, 0xc1,
  0x5e, 0xfe, 0x20, 0x83, 0x16, 0x15, 0x89, 0x5a, 0xfd, 0x5c, 0x95, 0x8b,
  0xb4, 0x07, 0x11, 0x22, 0x03, 0x97, 0xfa, 0x8d, 0x9b, 0x4b, 0x8d, 0x4b,
  0x30, 0xdc, 0xd9, 0xd5, 0x05, 0x59, 0x28, 0x09, 0x8d, 0x86, 0x1d, 0x1b,
  0xdf, 0x71, 0xfb, 0x0a, 0xb8, 0x2e, 0xa4, 0x38, 0x5a, 0xb9, 0x73, 0xd2,
  0x87, 0x88, 0x28, 0x68, 0x79, 0xcd, 0x4f, 0x0b, 0xcf, 0x69, 0x85, 0xb4,
  0x13, 0xca, 0x3c, 0x4d, 0xa3, 0xe2, 0xba, 0xb5, 0xcb, 0x72, 0x60, 0xa3,
  0xc0, 0x74, 0x2e, 0x6f, 0x42, 0x8e, 0x9e, 0x00, 0x08, 0xa9, 0x7d, 0xf3,
  0xbf, 0x8f, 0x3d, 0xe7, 0xaf, 0x73, 0x72, 0xce, 0x84, 0x1c, 0x9b, 0xc9,
  0xf9, 0xf7, 0x7d, 0x7a, 0xc7, 0xd2, 0x31, 0xf6, 0x43, 0x92, 0x10, 0xde,
  0xbc, 0x42, 0xf7, 0xfd, 0x5f, 0xca, 0x5e, 0x60, 0x54, 0x5e, 0x25, 0x7c,
  0x0d, 0xf7, 0xd2, 0xe2, 0x55, 0x7f, 0x50, 0x6d, 0x77, 0x29, 0xdf, 0xac,
  0xc7, 0x29, 0xfd, 0xa4, 0x28, 0x2a, 0x46, 0x15, 0x57, 0x59, 0x0f, 0x1e,
  0x3b, 0xe2, 0x35, 0x02, 0xde, 0x9d, 0xfd, 0x67, 0x44, 0xf2, 0xd7, 0xc5,
  0x98, 0xc9, 0xa5, 0x62, 0x9c, 0x73, 0x8a, 0xf0, 0x96, 0xe2, 0xe0, 0x24,
  0x85, 0xf4, 0x2b, 0xbc, 0x16, 0xf9, 0xfa, 0xd5, 0xb0, 0x5b, 0xd8, 0xa6,
  0x7d, 0x4a, 0x53, 0x00, 0xf0, 0x10, 0xb1, 0x02, 0x81, 0x81, 0x00, 0xcf,
  0x98, 0xa9, 0x20, 0x5d, 0xe4, 0xab, 0x37, 0x66, 0xfd, 0x1c, 0x19, 0x34,
  0xdb, 0x0e, 0xda, 0xfc, 0x64, 0x1c, 0xfd, 0x18, 0xdd, 0x78, 0xf1, 0xff,
  0x39, 0x66, 0x5d, 0x4b, 0x8a, 0xf5, 0x6c, 0x7a, 0x37, 0x6d, 0xf1, 0xb3,
  0x9e, 0x25, 0xb6, 0x61, 0xb7, 0xd5, 0x13, 0xea, 0xac, 0x4c, 0x1a, 0x8b,
  0xe8, 0x0f, 0x06, 0x62, 0x4c, 0x8b, 0xc9, 0x83, 0x15, 0xab, 0xb6, 0x3b,
  0x81, 0x4d, 0x98, 0xe2, 0x9d, 0xbb, 0xa9, 0xec, 0xef, 0x2c, 0xe0, 0x03,
  0x09, 0xfb, 0xbc, 0x30, 0x28, 0x5b, 0x6d, 0x7d, 0xf2, 0xf0, 0x3a, 0x86,
  0x8b, 0x7b, 0x64, 0x00, 0x13, 0x10, 0x50, 0x11, 0x8a, 0xa8, 0xf2, 0x31,
  0xfa, 0xfe, 0xea, 0x5d, 0xb7, 0xb7, 0x89, 0xbc, 0x39, 0xed, 0xae, 0x76,
  0xc8, 0xf2, 0xef, 0x8e, 0x1b, 0x7a, 0x91, 0x46, 0x95, 0xed, 0x8b, 0x8a,
  0xb8, 0x98, 0x15, 0x97, 0x84, 0xa9, 0x49, 0x02, 0x81, 0x81, 0x00, 0xc3,
  0x0b, 0xa9, 0x33, 0x7a, 0x34, 0x79, 0x95, 0x61, 0x61, 0x10, 0x95, 0xe8,
  0xf7, 0x96, 0x0b, 0x7b, 0x9d, 0x90, 0x9e, 0x89, 0x0b, 0xe0, 0xf1, 0x79,
  0xf0, 0x2c, 0xf1, 0x17, 0x90, 0x98, 0x8e, 0xad, 0x3e, 0xe4, 0x0d, 0x93,
  0xfb, 0xd4, 0xaa, 0x4d, 0xa7, 0x4e, 0x58, 0x84, 0xea, 0x2a, 0xed, 0xa8,
  0x54, 0x43, 0x1a, 0x83, 0x12, 0x3c, 0xb5, 0x35, 0x08, 0xd0, 0x48, 0x05,
  0x9d, 0xe0, 0x01, 0x18, 0x0c, 0x8b, 0x38, 0x07, 0x65, 0x0a, 0x3e, 0x20,
  0xa0, 0x2d, 0xce, 0x76, 0xe3, 0x0f, 0xb1, 0xc5, 0xc4, 0xd2, 0xd6, 0x51,
  0x4e, 0x2a, 0x6f, 0xbe, 0xb0, 0x59, 0x72, 0xd6, 0xb2, 0x48, 0x64, 0x9f,
  0xb2, 0x70, 0xb0, 0x98, 0xc6, 0x20, 0xd9, 0x7b, 0x2b, 0xe6, 0x78, 0x2b,
  0xed, 0xaf, 0xbd, 0x95, 0x3e, 0xb8, 0xa1, 0xd9, 0x4b, 0x17, 0xc8, 0x60,
  0xda, 0x07, 0xa8, 0x93, 0x9c, 0xfb, 0x7f, 0x02, 0x81, 0x81, 0x00, 0xb5,
  0xa7, 0x4d, 0x1f, 0x00, 0x6a, 0x2f, 0x14, 0x4c, 0xaf, 0x60, 0xde, 0x01,
  0xad, 0x49, 0xe3, 0x7f, 0x85, 0x0f, 0x04, 0xbd, 0xb4, 0x56, 0xb7, 0xd3,
  0x70, 0x63, 0xcd, 0x71, 0x64, 0x07, 0xfb, 0xc3, 0x3a, 0x2b, 0x9f, 0x9b,
  0x5f, 0xe0, 0x7a, 0x26, 0x29, 0xd9, 0x6f, 0x13, 0x23, 0x6f, 0x78, 0xaf,
  0x42, 0x01, 0x9b, 0xc1, 0x7a, 0x5f, 0xbb, 0x96, 0x53, 0xe9, 0x2c, 0x8e,
  0x07, 0x48, 0x62, 0x66, 0xb2, 0x45, 0x5b, 0x9c, 0xf3, 0x71, 0x1e, 0x18,
  0x2a, 0xad, 0x37, 0xf0, 0x1f, 0xf0, 0x58, 0xf0, 0x24, 0x1b, 0xe7, 0xea,
  0x81, 0xb5, 0x18, 0x3d, 0x24, 0x71, 0x5a, 0xce, 0xee, 0xb9, 0x85, 0x2d,
  0x0d, 0x07, 0xf1, 0x06, 0xce, 0xd2, 0xf0, 0xd8, 0x5f, 0x0c, 0x47, 0x64,
  0xb3, 0xd4, 0x38, 0xa0, 0xee, 0x14, 0xa3, 0x78, 0xd3, 0x8a, 0xc8, 0x57,
  0x3b, 0xce, 0x00, 0xde, 0xd3, 0xfb, 0xd9, 0x02, 0x81, 0x80, 0x0f, 0xe4,
  0x77, 0x58, 0xf6, 0x70, 0x28, 0x27, 0xff, 0xd3, 0x44, 0xe2, 0xb2, 0x24,
  0xda, 0x58, 0xfd, 0x2d, 0x8d, 0x87, 0x1d, 0x6b, 0x96, 0x5c, 0x96, 0xae,
  0xf7, 0x3a, 0x7d, 0xcd, 0x0e, 0x61, 0x31, 0xc4, 0x9a, 0x18, 0x71, 0x22,
  0x67, 0xe5, 0xa8, 0x86, 0x25, 0x60, 0x19, 0x14, 0x6b, 0x83, 0x09, 0xe0,
  0x33, 0xc7, 0x89, 0x3e, 0x87, 0x2b, 0xcc, 0xb2, 0x77, 0x26, 0x27, 0x2f,
  0x01, 0xfd, 0x94, 0xd4, 0x10, 0xd3, 0xf3, 0xe6, 0x4b, 0xbb, 0x5c, 0x35,
  0x31, 0x06, 0x4d, 0xb1, 0x9a, 0xa9, 0xc5, 0x8f, 0x90, 0x0e, 0x5e, 0x79,
  0x9c, 0x03, 0x96, 0xea, 0x0f, 0x9f, 0xc7, 0xd6, 0xa7, 0x07, 0x6b, 0xeb,
  0xc2, 0x3a, 0xe1, 0x77, 0xe3, 0x5d, 0x55, 0x27, 0xf2, 0x93, 0x80, 0x20,
  0xd1, 0xdd, 0x04, 0xb8, 0x23, 0x9b, 0x2c, 0x75, 0x6d, 0xee, 0xa9, 0xd5,
  0x9a, 0x22, 0x26, 0x44, 0xf8, 0x49, 0x02, 0x81, 0x81, 0x00, 0x9a, 0x89,
  0xe4, 0xfb, 0xa4, 0x24, 0x50, 0xfb, 0x67, 0x5f, 0x18, 0xf8, 0x43, 0xd1,
  0x76, 0x36, 0xbf, 0x8d, 0xa3, 0x43, 0x97, 0xb6, 0x75, 0x94, 0x6a, 0xe6,
  0x44, 0x26, 0xaa, 0x3a, 0xb7, 0xdc, 0x3e, 0x19, 0xb8, 0xca, 0x8a, 0x48,
  0x7b, 0xd8, 0x34, 0xea, 0x3f, 0x0d, 0x08, 0x53, 0x71, 0x04, 0x3e, 0xed,
  0xf0, 0xda, 0xfb, 0x29, 0x17, 0x10, 0x83, 0xe4, 0xa1, 0x13, 0x8d, 0x5f,
  0xae, 0x6f, 0xcd, 0x47, 0x84, 0x41, 0x87, 0x38, 0x38, 0x9e, 0x47, 0x63,
  0x37, 0xe1, 0xeb, 0x3e, 0x03, 0x85, 0xae, 0x00, 0xb3, 0x09, 0xa3, 0x46,
  0xb8, 0x97, 0x49, 0xaa, 0xb8, 0xa5, 0xe5, 0xba, 0xa5, 0x7f, 0x7e, 0xb9,
  0xc9, 0xa4, 0x90, 0x94, 0x42, 0x2a, 0xca, 0x77, 0xfd, 0x09, 0x30, 0x53,
  0x1e, 0xcc, 0x2f, 0x69, 0x70, 0x3d, 0x6a, 0x98, 0xf0, 0x9a, 0x51, 0x5d,
  0x62, 0xf3, 0x14, 0xca, 0x83, 0x1f, 0x00, 0x00, 0xc2, 0x04, 0x00, 0x00,
  0x47, 0x43, 0x43, 0x3a, 0x20, 0x28, 0x47, 0x4e, 0x55, 0x29, 0x20, 0x31,
  0x34, 0x2e, 0x32, 0x2e, 0x31, 0x20, 0x32, 0x30, 0x32, 0x34, 0x30, 0x38,
  0x30, 0x35, 0x00, 0x47, 0x43, 0x43, 0x3a, 0x20, 0x28, 0x47, 0x4e, 0x55,
  0x29, 0x20, 0x31, 0x34, 0x2e, 0x32, 0x2e, 0x31, 0x20, 0x32, 0x30, 0x32,
  0x34, 0x30, 0x39, 0x31, 0x30, 0x00, 0x2c, 0x00, 0x00, 0x00, 0x02, 0x00,
  0x00, 0x00, 0x00, 0x00, 0x08, 0x00, 0x00, 0x00, 0x00, 0x00, 0x09, 0x13,
  0x00, 0x00, 0x00, 0x00, 0x00, 0x00, 0x95, 0x04, 0x00, 0x00, 0x00, 0x00,
  0x00, 0x00, 0x00, 0x00, 0x00, 0x00, 0x00, 0x00, 0x00, 0x00, 0x00, 0x00,
  0x00, 0x00, 0x00, 0x00, 0x00, 0x00, 0x1c, 0x00, 0x00, 0x00, 0x02, 0x00,
  0xc0, 0x09, 0x00, 0x00, 0x08, 0x00, 0x00, 0x00, 0x00, 0x00, 0x00, 0x00,
  0x00, 0x00, 0x00, 0x00, 0x00, 0x00, 0x00, 0x00, 0x00, 0x00, 0x00, 0x00,
  0x00, 0x00, 0x1c, 0x00, 0x00, 0x00, 0x02, 0x00, 0x2f, 0x0a, 0x00, 0x00,
  0x08, 0x00, 0x00, 0x00, 0x00, 0x00, 0x00, 0x00, 0x00, 0x00, 0x00, 0x00,
  0x00, 0x00, 0x00, 0x00, 0x00, 0x00, 0x00, 0x00, 0x00, 0x00, 0xbc, 0x09,
  0x00, 0x00, 0x05, 0x00, 0x01, 0x08, 0x00, 0x00, 0x00, 0x00, 0x16, 0xfa,
  0x03, 0x00, 0x00, 0x1d, 0x00, 0x00, 0x00, 0x00, 0x09, 0x00, 0x00, 0x00,
  0x09, 0x13, 0x00, 0x00, 0x00, 0x00, 0x00, 0x00, 0x95, 0x04, 0x00, 0x00,
  0x00, 0x00, 0x00, 0x00, 0x00, 0x00, 0x00, 0x00, 0x05, 0x1c, 0x00, 0x00,
  0x00, 0x02, 0xd6, 0x17, 0x3a, 0x00, 0x00, 0x00, 0x06, 0x08, 0x07, 0x9e,
  0x00, 0x00, 0x00, 0x06, 0x04, 0x07, 0xa3, 0x00, 0x00, 0x00, 0x17, 0x08,
  0x06, 0x01, 0x08, 0x4f, 0x03, 0x00, 0x00, 0x08, 0x4a, 0x00, 0x00, 0x00,
  0x06, 0x02, 0x07, 0xe0, 0x01, 0x00, 0x00, 0x06, 0x01, 0x06, 0x51, 0x03,
  0x00, 0x00, 0x06, 0x02, 0x05, 0x5d, 0x03, 0x00, 0x00, 0x05, 0xef, 0x03,
  0x00, 0x00, 0x03, 0x28, 0x1c, 0x56, 0x00, 0x00, 0x00, 0x18, 0x04, 0x05,
  0x69, 0x6e, 0x74, 0x00, 0x05, 0x70, 0x01, 0x00, 0x00, 0x03, 0x2a, 0x16,
  0x41, 0x00, 0x00, 0x00, 0x06, 0x08, 0x05, 0xca, 0x00, 0x00, 0x00, 0x05,
  0x14, 0x03, 0x00, 0x00, 0x03, 0x2d, 0x1b, 0x3a, 0x00, 0x00, 0x00, 0x05,
  0x00, 0x00, 0x00, 0x00, 0x03, 0x98, 0x19, 0x8a, 0x00, 0x00, 0x00, 0x05,
  0x42, 0x04, 0x00, 0x00, 0x03, 0x99, 0x1b, 0x8a, 0x00, 0x00, 0x00, 0x03,
  0xbf, 0x00, 0x00, 0x00, 0x0f, 0xb5, 0x00, 0x00, 0x00, 0x06, 0x01, 0x06,
  0x58, 0x03, 0x00, 0x00, 0x08, 0xbf, 0x00, 0x00, 0x00, 0x05, 0xe3, 0x03,
  0x00, 0x00, 0x03, 0xd2, 0x17, 0x41, 0x00, 0x00, 0x00, 0x10, 0xf6, 0x02,
  0x00, 0x00, 0xd8, 0x04, 0x31, 0x08, 0x5e, 0x02, 0x00, 0x00, 0x02, 0x04,
  0x01, 0x00, 0x00, 0x04, 0x33, 0x07, 0x77, 0x00, 0x00, 0x00, 0x00, 0x02,
  0x08, 0x00, 0x00, 0x00, 0x04, 0x36, 0x09, 0xb5, 0x00, 0x00, 0x00, 0x08,
  0x02, 0xf7, 0x00, 0x00, 0x00, 0x04, 0x37, 0x09, 0xb5, 0x00, 0x00, 0x00,
  0x10, 0x02, 0x4c, 0x04, 0x00, 0x00, 0x04, 0x38, 0x09, 0xb5, 0x00, 0x00,
  0x00, 0x18, 0x02, 0x71, 0x05, 0x00, 0x00, 0x04, 0x39, 0x09, 0xb5, 0x00,
  0x00, 0x00, 0x20, 0x02, 0xc2, 0x01, 0x00, 0x00, 0x04, 0x3a, 0x09, 0xb5,
  0x00, 0x00, 0x00, 0x28, 0x02, 0xd2, 0x02, 0x00, 0x00, 0x04, 0x3b, 0x09,
  0xb5, 0x00, 0x00, 0x00, 0x30, 0x02, 0x84, 0x00, 0x00, 0x00, 0x04, 0x3c,
  0x09, 0xb5, 0x00, 0x00, 0x00, 0x38, 0x02, 0x27, 0x01, 0x00, 0x00, 0x04,
  0x3d, 0x09, 0xb5, 0x00, 0x00, 0x00, 0x40, 0x02, 0x03, 0x02, 0x00, 0x00,
  0x04, 0x40, 0x09, 0xb5, 0x00, 0x00, 0x00, 0x48, 0x02, 0xe1, 0x04, 0x00,
  0x00, 0x04, 0x41, 0x09, 0xb5, 0x00, 0x00, 0x00, 0x50, 0x02, 0x5a, 0x04,
  0x00, 0x00, 0x04, 0x42, 0x09, 0xb5, 0x00, 0x00, 0x00, 0x58, 0x02, 0x38,
  0x03, 0x00, 0x00, 0x04, 0x44, 0x16, 0x77, 0x02, 0x00, 0x00, 0x60, 0x02,
  0x15, 0x00, 0x00, 0x00, 0x04, 0x46, 0x14, 0x7c, 0x02, 0x00, 0x00, 0x68,
  0x02, 0xef, 0x00, 0x00, 0x00, 0x04, 0x48, 0x07, 0x77, 0x00, 0x00, 0x00,
  0x70, 0x02, 0x5e, 0x02, 0x00, 0x00, 0x04, 0x49, 0x07, 0x77, 0x00, 0x00,
  0x00, 0x74, 0x02, 0x57, 0x01, 0x00, 0x00, 0x04, 0x4a, 0x0b, 0x9d, 0x00,
  0x00, 0x00, 0x78, 0x02, 0x33, 0x01, 0x00, 0x00, 0x04, 0x4d, 0x12, 0x56,
  0x00, 0x00, 0x00, 0x80, 0x02, 0x7b, 0x03, 0x00, 0x00, 0x04, 0x4e, 0x0f,
  0x5d, 0x00, 0x00, 0x00, 0x82, 0x02, 0x4a, 0x00, 0x00, 0x00, 0x04, 0x4f,
  0x08, 0x81, 0x02, 0x00, 0x00, 0x83, 0x02, 0x45, 0x02, 0x00, 0x00, 0x04,
  0x51, 0x0f, 0x91, 0x02, 0x00, 0x00, 0x88, 0x02, 0x5b, 0x01, 0x00, 0x00,
  0x04, 0x59, 0x0d, 0xa9, 0x00, 0x00, 0x00, 0x90, 0x02, 0x4e, 0x01, 0x00,
  0x00, 0x04, 0x5b, 0x17, 0x9b, 0x02, 0x00, 0x00, 0x98, 0x02, 0x6a, 0x03,
  0x00, 0x00, 0x04, 0x5c, 0x19, 0xa5, 0x02, 0x00, 0x00, 0xa0, 0x02, 0x1d,
  0x05, 0x00, 0x00, 0x04, 0x5d, 0x14, 0x7c, 0x02, 0x00, 0x00, 0xa8, 0x02,
  0xae, 0x01, 0x00, 0x00, 0x04, 0x5e, 0x09, 0x48, 0x00, 0x00, 0x00, 0xb0,
  0x02, 0xe0, 0x02, 0x00, 0x00, 0x04, 0x5f, 0x15, 0xaa, 0x02, 0x00, 0x00,
  0xb8, 0x02, 0x1f, 0x03, 0x00, 0x00, 0x04, 0x60, 0x07, 0x77, 0x00, 0x00,
  0x00, 0xc0, 0x02, 0x8c, 0x04, 0x00, 0x00, 0x04, 0x62, 0x08, 0xaf, 0x02,
  0x00, 0x00, 0xc4, 0x00, 0x05, 0xfa, 0x02, 0x00, 0x00, 0x05, 0x07, 0x19,
  0xd7, 0x00, 0x00, 0x00, 0x19, 0xeb, 0x02, 0x00, 0x00, 0x04, 0x2b, 0x0e,
  0x09, 0x93, 0x01, 0x00, 0x00, 0x03, 0x72, 0x02, 0x00, 0x00, 0x03, 0xd7,
  0x00, 0x00, 0x00, 0x0b, 0xbf, 0x00, 0x00, 0x00, 0x91, 0x02, 0x00, 0x00,
  0x11, 0x3a, 0x00, 0x00, 0x00, 0x00, 0x00, 0x03, 0x6a, 0x02, 0x00, 0x00,
  0x09, 0x4b, 0x01, 0x00, 0x00, 0x03, 0x96, 0x02, 0x00, 0x00, 0x09, 0x67,
  0x03, 0x00, 0x00, 0x03, 0xa0, 0x02, 0x00, 0x00, 0x03, 0x7c, 0x02, 0x00,
  0x00, 0x0b, 0xbf, 0x00, 0x00, 0x00, 0xbf, 0x02, 0x00, 0x00, 0x11, 0x3a,
  0x00, 0x00, 0x00, 0x13, 0x00, 0x03, 0xc6, 0x00, 0x00, 0x00, 0x03, 0x5e,
  0x02, 0x00, 0x00, 0x0f, 0xc4, 0x02, 0x00, 0x00, 0x0c, 0x95, 0x04, 0x00,
  0x00, 0x0d, 0x97, 0x0e, 0xc4, 0x02, 0x00, 0x00, 0x06, 0x08, 0x05, 0xc5,
  0x00, 0x00, 0x00, 0x06, 0x08, 0x07, 0x99, 0x00, 0x00, 0x00, 0x03, 0xed,
  0x02, 0x00, 0x00, 0x1a, 0x1b, 0xe5, 0x03, 0x00, 0x00, 0x06, 0x12, 0x01,
  0x15, 0xcb, 0x00, 0x00, 0x00, 0x05, 0xf1, 0x03, 0x00, 0x00, 0x07, 0x19,
  0x14, 0x6b, 0x00, 0x00, 0x00, 0x05, 0x72, 0x01, 0x00, 0x00, 0x07, 0x1a,
  0x14, 0x7e, 0x00, 0x00, 0x00, 0x05, 0x16, 0x03, 0x00, 0x00, 0x07, 0x1b,
  0x14, 0x91, 0x00, 0x00, 0x00, 0x1c, 0x41, 0x03, 0x00, 0x00, 0x07, 0x04,
  0x41, 0x00, 0x00, 0x00, 0x13, 0x18, 0x06, 0x6c, 0x03, 0x00, 0x00, 0x0a,
  0x3f, 0x01, 0x00, 0x00, 0x01, 0x0a, 0xca, 0x04, 0x00, 0x00, 0x02, 0x0a,
  0x41, 0x05, 0x00, 0x00, 0x03, 0x0a, 0x9e, 0x01, 0x00, 0x00, 0x04, 0x0a,
  0x55, 0x05, 0x00, 0x00, 0x05, 0x0a, 0x0a, 0x03, 0x00, 0x00, 0x06, 0x0a,
  0x9b, 0x03, 0x00, 0x00, 0x0a, 0x1d, 0xa3, 0x04, 0x00, 0x00, 0x00, 0x00,
  0x08, 0x00, 0x1e, 0x11, 0x02, 0x00, 0x00, 0x00, 0x08, 0x00, 0x05, 0x80,
  0x04, 0x00, 0x00, 0x08, 0x1c, 0x1c, 0x56, 0x00, 0x00, 0x00, 0x10, 0xc1,
  0x04, 0x00, 0x00, 0x10, 0x09, 0xb8, 0x27, 0xa0, 0x03, 0x00, 0x00, 0x02,
  0x2e, 0x03, 0x00, 0x00, 0x09, 0xba, 0x05, 0x6c, 0x03, 0x00, 0x00, 0x00,
  0x02, 0x15, 0x05, 0x00, 0x00, 0x09, 0xbb, 0x0a, 0xa5, 0x03, 0x00, 0x00,
  0x02, 0x00, 0x08, 0x78, 0x03, 0x00, 0x00, 0x0b, 0xbf, 0x00, 0x00, 0x00,
  0xb5, 0x03, 0x00, 0x00, 0x11, 0x3a, 0x00, 0x00, 0x00, 0x0d, 0x00, 0x05,
  0xbb, 0x00, 0x00, 0x00, 0x0a, 0x1e, 0x12, 0x07, 0x03, 0x00, 0x00, 0x10,
  0xf4, 0x01, 0x00, 0x00, 0x04, 0x0a, 0x1f, 0x08, 0xdc, 0x03, 0x00, 0x00,
  0x02, 0xa7, 0x01, 0x00, 0x00, 0x0a, 0x21, 0x0f, 0xb5, 0x03, 0x00, 0x00,
  0x00, 0x00, 0x05, 0x66, 0x02, 0x00, 0x00, 0x0a, 0x7d, 0x12, 0xfb, 0x02,
  0x00, 0x00, 0x10, 0xd5, 0x04, 0x00, 0x00, 0x10, 0x0a, 0xf7, 0x27, 0x2a,
  0x04, 0x00, 0x00, 0x02, 0xb5, 0x02, 0x00, 0x00, 0x0a, 0xf9, 0x05, 0x6c,
  0x03, 0x00, 0x00, 0x00, 0x02, 0x25, 0x03, 0x00, 0x00, 0x0a, 0xfa, 0x0f,
  0xdc, 0x03, 0x00, 0x00, 0x02, 0x02, 0xf3, 0x01, 0x00, 0x00, 0x0a, 0xfb,
  0x14, 0xc1, 0x03, 0x00, 0x00, 0x04, 0x02, 0x8a, 0x01, 0x00, 0x00, 0x0a,
  0xfe, 0x13, 0x2a, 0x04, 0x00, 0x00, 0x08, 0x00, 0x0b, 0x4a, 0x00, 0x00,
  0x00, 0x3a, 0x04, 0x00, 0x00, 0x11, 0x3a, 0x00, 0x00, 0x00, 0x07, 0x00,
  0x05, 0xcd, 0x03, 0x00, 0x00, 0x0b, 0xbb, 0x26, 0x4b, 0x04, 0x00, 0x00,
  0x08, 0x3a, 0x04, 0x00, 0x00, 0x09, 0x2b, 0x05, 0x00, 0x00, 0x1f, 0x53,
  0x53, 0x4c, 0x00, 0x0b, 0xc1, 0x17, 0x5c, 0x04, 0x00, 0x00, 0x09, 0x69,
  0x01, 0x00, 0x00, 0x05, 0x4b, 0x02, 0x00, 0x00, 0x0b, 0xc2, 0x1b, 0x72,
  0x04, 0x00, 0x00, 0x08, 0x61, 0x04, 0x00, 0x00, 0x09, 0xd0, 0x01, 0x00,
  0x00, 0x06, 0x10, 0x04, 0xb6, 0x03, 0x00, 0x00, 0x03, 0x50, 0x04, 0x00,
  0x00, 0x03, 0x51, 0x00, 0x00, 0x00, 0x05, 0x67, 0x04, 0x00, 0x00, 0x0c,
  0xe9, 0x1e, 0x99, 0x04, 0x00, 0x00, 0x08, 0x88, 0x04, 0x00, 0x00, 0x09,
  0x07, 0x05, 0x00, 0x00, 0x0b, 0x51, 0x00, 0x00, 0x00, 0xa9, 0x04, 0x00,
  0x00, 0x20, 0x00, 0x08, 0x9e, 0x04, 0x00, 0x00, 0x0c, 0xb0, 0x00, 0x00,
  0x00, 0x01, 0x0c, 0x1c, 0xa9, 0x04, 0x00, 0x00, 0x0c, 0x86, 0x02, 0x00,
  0x00, 0x01, 0x0d, 0x15, 0x41, 0x00, 0x00, 0x00, 0x0c, 0x4a, 0x05, 0x00,
  0x00, 0x01, 0x0f, 0x1c, 0xa9, 0x04, 0x00, 0x00, 0x0c, 0xf8, 0x04, 0x00,
  0x00, 0x01, 0x10, 0x15, 0x41, 0x00, 0x00, 0x00, 0x04, 0xf2, 0x04, 0x00,
  0x00, 0x06, 0x66, 0x01, 0x0c, 0x77, 0x00, 0x00, 0x00, 0xf5, 0x04, 0x00,
  0x00, 0x01, 0x77, 0x00, 0x00, 0x00, 0x00, 0x12, 0x32, 0x04, 0x00, 0x00,
  0x0c, 0xa9, 0x07, 0x06, 0x08, 0x05, 0x00, 0x00, 0x01, 0x7e, 0x04, 0x00,
  0x00, 0x00, 0x04, 0xa1, 0x02, 0x00, 0x00, 0x0c, 0x35, 0x08, 0x05, 0x77,
  0x00, 0x00, 0x00, 0x1f, 0x05, 0x00, 0x00, 0x01, 0x7e, 0x04, 0x00, 0x00,
  0x00, 0x04, 0x53, 0x02, 0x00, 0x00, 0x0c, 0xba, 0x07, 0x0c, 0x77, 0x00,
  0x00, 0x00, 0x36, 0x05, 0x00, 0x00, 0x01, 0x7e, 0x04, 0x00, 0x00, 0x00,
  0x04, 0xff, 0x02, 0x00, 0x00, 0x0c, 0x70, 0x06, 0x0c, 0x77, 0x00, 0x00,
  0x00, 0x52, 0x05, 0x00, 0x00, 0x01, 0x7e, 0x04, 0x00, 0x00, 0x01, 0x77,
  0x00, 0x00, 0x00, 0x00, 0x04, 0x64, 0x05, 0x00, 0x00, 0x0c, 0x42, 0x07,
  0x06, 0x7e, 0x04, 0x00, 0x00, 0x69, 0x05, 0x00, 0x00, 0x01, 0x69, 0x05,
  0x00, 0x00, 0x00, 0x03, 0x61, 0x04, 0x00, 0x00, 0x04, 0x57, 0x02, 0x00,
  0x00, 0x0e, 0x32, 0x01, 0x0c, 0x77, 0x00, 0x00, 0x00, 0x8f, 0x05, 0x00,
  0x00, 0x01, 0x77, 0x00, 0x00, 0x00, 0x01, 0x94, 0x05, 0x00, 0x00, 0x01,
  0x9e, 0x05, 0x00, 0x00, 0x00, 0x03, 0x78, 0x03, 0x00, 0x00, 0x0f, 0x8f,
  0x05, 0x00, 0x00, 0x03, 0xee, 0x02, 0x00, 0x00, 0x0f, 0x99, 0x05, 0x00,
  0x00, 0x04, 0xfc, 0x01, 0x00, 0x00, 0x0e, 0x28, 0x01, 0x0c, 0x77, 0x00,
  0x00, 0x00, 0xbf, 0x05, 0x00, 0x00, 0x01, 0x77, 0x00, 0x00, 0x00, 0x01,
  0x77, 0x00, 0x00, 0x00, 0x00, 0x0d, 0xdb, 0x01, 0x00, 0x00, 0x0e, 0x70,
  0x0c, 0x77, 0x00, 0x00, 0x00, 0xdf, 0x05, 0x00, 0x00, 0x01, 0x77, 0x00,
  0x00, 0x00, 0x01, 0xdf, 0x05, 0x00, 0x00, 0x01, 0xee, 0x02, 0x00, 0x00,
  0x00, 0x03, 0xa0, 0x03, 0x00, 0x00, 0x04, 0x75, 0x03, 0x00, 0x00, 0x0a,
  0x94, 0x01, 0x11, 0xfb, 0x02, 0x00, 0x00, 0xfb, 0x05, 0x00, 0x00, 0x01,
  0xfb, 0x02, 0x00, 0x00, 0x00, 0x12, 0xae, 0x02, 0x00, 0x00, 0x0d, 0x64,
  0x03, 0x0d, 0x0e, 0x06, 0x00, 0x00, 0x01, 0xbf, 0x02, 0x00, 0x00, 0x00,
  0x0d, 0x37, 0x00, 0x00, 0x00, 0x0e, 0x66, 0x0c, 0x77, 0x00, 0x00, 0x00,
  0x2e, 0x06, 0x00, 0x00, 0x01, 0x77, 0x00, 0x00, 0x00, 0x01, 0x77, 0x00,
  0x00, 0x00, 0x01, 0x77, 0x00, 0x00, 0x00, 0x00, 0x04, 0xf1, 0x04, 0x00,
  0x00, 0x0d, 0x77, 0x03, 0x0c, 0x77, 0x00, 0x00, 0x00, 0x45, 0x06, 0x00,
  0x00, 0x01, 0xc4, 0x02, 0x00, 0x00, 0x00, 0x04, 0x70, 0x02, 0x00, 0x00,
  0x0d, 0x8e, 0x02, 0x0e, 0xb5, 0x00, 0x00, 0x00, 0x66, 0x06, 0x00, 0x00,
  0x01, 0xba, 0x00, 0x00, 0x00, 0x01, 0x77, 0x00, 0x00, 0x00, 0x01, 0xc9,
  0x02, 0x00, 0x00, 0x00, 0x0d, 0x91, 0x00, 0x00, 0x00, 0x0f, 0x98, 0x0e,
  0xb5, 0x00, 0x00, 0x00, 0x86, 0x06, 0x00, 0x00, 0x01, 0xb5, 0x00, 0x00,
  0x00, 0x01, 0xbf, 0x02, 0x00, 0x00, 0x01, 0x3a, 0x00, 0x00, 0x00, 0x00,
  0x04, 0xbb, 0x01, 0x00, 0x00, 0x0f, 0x97, 0x01, 0x0f, 0x2e, 0x00, 0x00,
  0x00, 0x9d, 0x06, 0x00, 0x00, 0x01, 0xbf, 0x02, 0x00, 0x00, 0x00, 0x04,
  0x7b, 0x01, 0x00, 0x00, 0x0d, 0x7d, 0x03, 0x0e, 0xc4, 0x02, 0x00, 0x00,
  0xb9, 0x06, 0x00, 0x00, 0x01, 0xbf, 0x02, 0x00, 0x00, 0x01, 0xbf, 0x02,
  0x00, 0x00, 0x00, 0x04, 0x0b, 0x01, 0x00, 0x00, 0x0c, 0xca, 0x07, 0x0c,
  0x77, 0x00, 0x00, 0x00, 0xda, 0x06, 0x00, 0x00, 0x01, 0x7e, 0x04, 0x00,
  0x00, 0x01, 0xe8, 0x02, 0x00, 0x00, 0x01, 0x77, 0x00, 0x00, 0x00, 0x00,
  0x0d, 0xc2, 0x03, 0x00, 0x00, 0x10, 0x74, 0x0c, 0x77, 0x00, 0x00, 0x00,
  0xf5, 0x06, 0x00, 0x00, 0x01, 0xbf, 0x02, 0x00, 0x00, 0x01, 0xbf, 0x02,
  0x00, 0x00, 0x00, 0x04, 0x81, 0x01, 0x00, 0x00, 0x0c, 0xbd, 0x07, 0x0c,
  0x77, 0x00, 0x00, 0x00, 0x16, 0x07, 0x00, 0x00, 0x01, 0x7e, 0x04, 0x00,
  0x00, 0x01, 0x48, 0x00, 0x00, 0x00, 0x01, 0x77, 0x00, 0x00, 0x00, 0x00,
  0x0d, 0x9c, 0x04, 0x00, 0x00, 0x0f, 0x3d, 0x0e, 0x48, 0x00, 0x00, 0x00,
  0x36, 0x07, 0x00, 0x00, 0x01, 0x48, 0x00, 0x00, 0x00, 0x01, 0x77, 0x00,
  0x00, 0x00, 0x01, 0x3a, 0x00, 0x00, 0x00, 0x00, 0x04, 0x2b, 0x02, 0x00,
  0x00, 0x0c, 0x3b, 0x07, 0x0c, 0x77, 0x00, 0x00, 0x00, 0x4d, 0x07, 0x00,
  0x00, 0x01, 0x4d, 0x07, 0x00, 0x00, 0x00, 0x03, 0x6d, 0x04, 0x00, 0x00,
  0x04, 0xd3, 0x00, 0x00, 0x00, 0x0c, 0x2a, 0x07, 0x0c, 0x77, 0x00, 0x00,
  0x00, 0x78, 0x07, 0x00, 0x00, 0x01, 0x77, 0x00, 0x00, 0x00, 0x01, 0x69,
  0x05, 0x00, 0x00, 0x01, 0x83, 0x04, 0x00, 0x00, 0x01, 0x8a, 0x00, 0x00,
  0x00, 0x00, 0x04, 0x54, 0x00, 0x00, 0x00, 0x0c, 0x2d, 0x07, 0x0c, 0x77,
  0x00, 0x00, 0x00, 0x99, 0x07, 0x00, 0x00, 0x01, 0x69, 0x05, 0x00, 0x00,
  0x01, 0x77, 0x00, 0x00, 0x00, 0x01, 0x83, 0x04, 0x00, 0x00, 0x00, 0x21,
  0x96, 0x03, 0x00, 0x00, 0x11, 0xf4, 0x02, 0x0d, 0xac, 0x07, 0x00, 0x00,
  0x01, 0x77, 0x00, 0x00, 0x00, 0x00, 0x12, 0x23, 0x00, 0x00, 0x00, 0x12,
  0xd2, 0x01, 0x06, 0xbf, 0x07, 0x00, 0x00, 0x01, 0xc4, 0x02, 0x00, 0x00,
  0x00, 0x04, 0x3e, 0x00, 0x00, 0x00, 0x0c, 0x46, 0x06, 0x11, 0x69, 0x05,
  0x00, 0x00, 0xd6, 0x07, 0x00, 0x00, 0x01, 0xd6, 0x07, 0x00, 0x00, 0x00,
  0x03, 0x94, 0x04, 0x00, 0x00, 0x22, 0x15, 0x01, 0x00, 0x00, 0x0c, 0xf7,
  0x07, 0x1a, 0xd6, 0x07, 0x00, 0x00, 0x04, 0xb0, 0x04, 0x00, 0x00, 0x0c,
  0xd4, 0x0a, 0x05, 0x77, 0x00, 0x00, 0x00, 0x04, 0x08, 0x00, 0x00, 0x01,
  0x13, 0x03, 0x00, 0x00, 0x01, 0x04, 0x08, 0x00, 0x00, 0x00, 0x03, 0x46,
  0x04, 0x00, 0x00, 0x13, 0x6c, 0x05, 0x00, 0x00, 0x69, 0x05, 0x77, 0x00,
  0x00, 0x00, 0x08, 0x16, 0x00, 0x00, 0x00, 0x00, 0x00, 0x00, 0x96, 0x01,
  0x00, 0x00, 0x00, 0x00, 0x00, 0x00, 0x01, 0x9c, 0xa4, 0x08, 0x00, 0x00,
  0x07, 0x8a, 0x03, 0x00, 0x00, 0x6a, 0x09, 0x77, 0x00, 0x00, 0x00, 0x03,
  0x91, 0xa8, 0x7f, 0x07, 0xf7, 0x01, 0x00, 0x00, 0x6b, 0x18, 0xe8, 0x03,
  0x00, 0x00, 0x02, 0x91, 0x40, 0x0e, 0x63, 0x74, 0x78, 0x00, 0x6e, 0x0e,
  0x69, 0x05, 0x00, 0x00, 0x03, 0x91, 0xb0, 0x7f, 0x23, 0xf3, 0x16, 0x00,
  0x00, 0x00, 0x00, 0x00, 0x00, 0xa6, 0x00, 0x00, 0x00, 0x00, 0x00, 0x00,
  0x00, 0x07, 0x95, 0x02, 0x00, 0x00, 0x86, 0x1c, 0xe8, 0x03, 0x00, 0x00,
  0x02, 0x91, 0x50, 0x0e, 0x6c, 0x65, 0x6e, 0x00, 0x87, 0x16, 0x41, 0x00,
  0x00, 0x00, 0x03, 0x91, 0xa4, 0x7f, 0x07, 0x1f, 0x02, 0x00, 0x00, 0x88,
  0x0d, 0x77, 0x00, 0x00, 0x00, 0x03, 0x91, 0xac, 0x7f, 0x0e, 0x73, 0x73,
  0x6c, 0x00, 0x8f, 0x0e, 0x7e, 0x04, 0x00, 0x00, 0x03, 0x91, 0xb8, 0x7f,
  0x00, 0x00, 0x14, 0x72, 0x04, 0x00, 0x00, 0x3e, 0x2f, 0x14, 0x00, 0x00,
  0x00, 0x00, 0x00, 0x00, 0xd9, 0x01, 0x00, 0x00, 0x00, 0x00, 0x00, 0x00,
  0x01, 0x9c, 0x11, 0x09, 0x00, 0x00, 0x15, 0x73, 0x73, 0x6c, 0x00, 0x3e,
  0x19, 0x7e, 0x04, 0x00, 0x00, 0x03, 0x91, 0xc8, 0x6f, 0x07, 0x3b, 0x04,
  0x00, 0x00, 0x3f, 0x0a, 0x11, 0x09, 0x00, 0x00, 0x03, 0x91, 0xe0, 0x6f,
  0x07, 0x63, 0x01, 0x00, 0x00, 0x40, 0x09, 0x77, 0x00, 0x00, 0x00, 0x03,
  0x91, 0xd4, 0x6f, 0x24, 0x0c, 0x00, 0x00, 0x00, 0x0e, 0x66, 0x70, 0x00,
  0x59, 0x0f, 0xc4, 0x02, 0x00, 0x00, 0x03, 0x91, 0xd8, 0x6f, 0x07, 0x80,
  0x05, 0x00, 0x00, 0x5e, 0x0e, 0x11, 0x09, 0x00, 0x00, 0x03, 0x91, 0xe0,
  0x77, 0x00, 0x00, 0x0b, 0xbf, 0x00, 0x00, 0x00, 0x22, 0x09, 0x00, 0x00,
  0x25, 0x3a, 0x00, 0x00, 0x00, 0xff, 0x03, 0x00, 0x14, 0xc0, 0x02, 0x00,
  0x00, 0x2a, 0x7d, 0x13, 0x00, 0x00, 0x00, 0x00, 0x00, 0x00, 0xb2, 0x00,
  0x00, 0x00, 0x00, 0x00, 0x00, 0x00, 0x01, 0x9c, 0x4d, 0x09, 0x00, 0x00,
  0x15, 0x63, 0x74, 0x78, 0x00, 0x2a, 0x21, 0x69, 0x05, 0x00, 0x00, 0x02,
  0x91, 0x68, 0x00, 0x13, 0xa7, 0x03, 0x00, 0x00, 0x1b, 0x0a, 0x69, 0x05,
  0x00, 0x00, 0x36, 0x13, 0x00, 0x00, 0x00, 0x00, 0x00, 0x00, 0x47, 0x00,
  0x00, 0x00, 0x00, 0x00, 0x00, 0x00, 0x01, 0x9c, 0x8b, 0x09, 0x00, 0x00,
  0x07, 0x20, 0x01, 0x00, 0x00, 0x1c, 0x17, 0xd6, 0x07, 0x00, 0x00, 0x02,
  0x91, 0x60, 0x0e, 0x63, 0x74, 0x78, 0x00, 0x1d, 0x0e, 0x69, 0x05, 0x00,
  0x00, 0x02, 0x91, 0x68, 0x00, 0x26, 0x76, 0x02, 0x00, 0x00, 0x01, 0x17,
  0x06, 0x2e, 0x13, 0x00, 0x00, 0x00, 0x00, 0x00, 0x00, 0x08, 0x00, 0x00,
  0x00, 0x00, 0x00, 0x00, 0x00, 0x01, 0x9c, 0x27, 0x71, 0x00, 0x00, 0x00,
  0x01, 0x12, 0x06, 0x09, 0x13, 0x00, 0x00, 0x00, 0x00, 0x00, 0x00, 0x25,
  0x00, 0x00, 0x00, 0x00, 0x00, 0x00, 0x00, 0x01, 0x9c, 0x00, 0x6b, 0x00,
  0x00, 0x00, 0x05, 0x00, 0x01, 0x08, 0x3a, 0x02, 0x00, 0x00, 0x03, 0xfa,
  0x03, 0x00, 0x00, 0x1d, 0x5f, 0x01, 0x00, 0x00, 0x09, 0x00, 0x00, 0x00,
  0x03, 0x02, 0x00, 0x00, 0x04, 0x36, 0x00, 0x00, 0x00, 0x2f, 0x00, 0x00,
  0x00, 0x05, 0x2f, 0x00, 0x00, 0x00, 0x3c, 0x03, 0x00, 0x01, 0x08, 0x07,
  0x9e, 0x00, 0x00, 0x00, 0x01, 0x01, 0x08, 0x4f, 0x03, 0x00, 0x00, 0x02,
  0xb0, 0x00, 0x00, 0x00, 0x01, 0x0f, 0x1e, 0x00, 0x00, 0x00, 0x09, 0x03,
  0x20, 0x41, 0x00, 0x00, 0x00, 0x00, 0x00, 0x00, 0x02, 0x86, 0x02, 0x00,
  0x00, 0x49, 0x0e, 0x67, 0x00, 0x00, 0x00, 0x09, 0x03, 0x60, 0x44, 0x00,
  0x00, 0x00, 0x00, 0x00, 0x00, 0x01, 0x04, 0x07, 0xa3, 0x00, 0x00, 0x00,
  0x00, 0x6b, 0x00, 0x00, 0x00, 0x05, 0x00, 0x01, 0x08, 0x7b, 0x02, 0x00,
  0x00, 0x03, 0xfa, 0x03, 0x00, 0x00, 0x1d, 0x6a, 0x01, 0x00, 0x00, 0x09,
  0x00, 0x00, 0x00, 0x39, 0x02, 0x00, 0x00, 0x04, 0x36, 0x00, 0x00, 0x00,
  0x2f, 0x00, 0x00, 0x00, 0x05, 0x2f, 0x00, 0x00, 0x00, 0xc1, 0x04, 0x00,
  0x01, 0x08, 0x07, 0x9e, 0x00, 0x00, 0x00, 0x01, 0x01, 0x08, 0x4f, 0x03,
  0x00, 0x00, 0x02, 0x4a, 0x05, 0x00, 0x00, 0x01, 0x0f, 0x1e, 0x00, 0x00,
  0x00, 0x09, 0x03, 0x80, 0x44, 0x00, 0x00, 0x00, 0x00, 0x00, 0x00, 0x02,
  0xf8, 0x04, 0x00, 0x00, 0x69, 0x0e, 0x67, 0x00, 0x00, 0x00, 0x09, 0x03,
  0x44, 0x49, 0x00, 0x00, 0x00, 0x00, 0x00, 0x00, 0x01, 0x04, 0x07, 0xa3,
  0x00, 0x00, 0x00, 0x00, 0x01, 0x05, 0x00, 0x49, 0x13, 0x00, 0x00, 0x02,
  0x0d, 0x00, 0x03, 0x0e, 0x3a, 0x0b, 0x3b, 0x0b, 0x39, 0x0b, 0x49, 0x13,
  0x38, 0x0b, 0x00, 0x00, 0x03, 0x0f, 0x00, 0x0b, 0x21, 0x08, 0x49, 0x13,
  0x00, 0x00, 0x04, 0x2e, 0x01, 0x3f, 0x19, 0x03, 0x0e, 0x3a, 0x0b, 0x3b,
  0x05, 0x39, 0x0b, 0x27, 0x19, 0x49, 0x13, 0x3c, 0x19, 0x01, 0x13, 0x00,
  0x00, 0x05, 0x16, 0x00, 0x03, 0x0e, 0x3a, 0x0b, 0x3b, 0x0b, 0x39, 0x0b,
  0x49, 0x13, 0x00, 0x00, 0x06, 0x24, 0x00, 0x0b, 0x0b, 0x3e, 0x0b, 0x03,
  0x0e, 0x00, 0x00, 0x07, 0x34, 0x00, 0x03, 0x0e, 0x3a, 0x21, 0x01, 0x3b,
  0x0b, 0x39, 0x0b, 0x49, 0x13, 0x02, 0x18, 0x00, 0x00, 0x08, 0x26, 0x00,
  0x49, 0x13, 0x00, 0x00, 0x09, 0x13, 0x00, 0x03, 0x0e, 0x3c, 0x19, 0x00,
  0x00, 0x0a, 0x28, 0x00, 0x03, 0x0e, 0x1c, 0x0b, 0x00, 0x00, 0x0b, 0x01,
  0x01, 0x49, 0x13, 0x01, 0x13, 0x00, 0x00, 0x0c, 0x34, 0x00, 0x03, 0x0e,
  0x3a, 0x0b, 0x3b, 0x0b, 0x39, 0x0b, 0x49, 0x13, 0x3f, 0x19, 0x3c, 0x19,
  0x00, 0x00, 0x0d, 0x2e, 0x01, 0x3f, 0x19, 0x03, 0x0e, 0x3a, 0x0b, 0x3b,
  0x0b, 0x39, 0x0b, 0x27, 0x19, 0x49, 0x13, 0x3c, 0x19, 0x01, 0x13, 0x00,
  0x00, 0x0e, 0x34, 0x00, 0x03, 0x08, 0x3a, 0x21, 0x01, 0x3b, 0x0b, 0x39,
  0x0b, 0x49, 0x13, 0x02, 0x18, 0x00, 0x00, 0x0f, 0x37, 0x00, 0x49, 0x13,
  0x00, 0x00, 0x10, 0x13, 0x01, 0x03, 0x0e, 0x0b, 0x0b, 0x3a, 0x0b, 0x3b,
  0x0b, 0x39, 0x0b, 0x01, 0x13, 0x00, 0x00, 0x11, 0x21, 0x00, 0x49, 0x13,
  0x2f, 0x0b, 0x00, 0x00, 0x12, 0x2e, 0x01, 0x3f, 0x19, 0x03, 0x0e, 0x3a,
  0x0b, 0x3b, 0x05, 0x39, 0x0b, 0x27, 0x19, 0x3c, 0x19, 0x01, 0x13, 0x00,
  0x00, 0x13, 0x2e, 0x01, 0x3f, 0x19, 0x03, 0x0e, 0x3a, 0x21, 0x01, 0x3b,
  0x0b, 0x39, 0x0b, 0x49, 0x13, 0x11, 0x01, 0x12, 0x07, 0x40, 0x18, 0x7c,
  0x19, 0x01, 0x13, 0x00, 0x00, 0x14, 0x2e, 0x01, 0x3f, 0x19, 0x03, 0x0e,
  0x3a, 0x21, 0x01, 0x3b, 0x0b, 0x39, 0x21, 0x06, 0x27, 0x19, 0x11, 0x01,
  0x12, 0x07, 0x40, 0x18, 0x7c, 0x19, 0x01, 0x13, 0x00, 0x00, 0x15, 0x05,
  0x00, 0x03, 0x08, 0x3a, 0x21, 0x01, 0x3b, 0x0b, 0x39, 0x0b, 0x49, 0x13,
  0x02, 0x18, 0x00, 0x00, 0x16, 0x11, 0x01, 0x25, 0x0e, 0x13, 0x0b, 0x03,
  0x1f, 0x1b, 0x1f, 0x11, 0x01, 0x12, 0x07, 0x10, 0x17, 0x00, 0x00, 0x17,
  0x0f, 0x00, 0x0b, 0x0b, 0x00, 0x00, 0x18, 0x24, 0x00, 0x0b, 0x0b, 0x3e,
  0x0b, 0x03, 0x08, 0x00, 0x00, 0x19, 0x16, 0x00, 0x03, 0x0e, 0x3a, 0x0b,
  0x3b, 0x0b, 0x39, 0x0b, 0x00, 0x00, 0x1a, 0x26, 0x00, 0x00, 0x00, 0x1b,
  0x16, 0x00, 0x03, 0x0e, 0x3a, 0x0b, 0x3b, 0x05, 0x39, 0x0b, 0x49, 0x13,
  0x00, 0x00, 0x1c, 0x04, 0x01, 0x03, 0x0e, 0x3e, 0x0b, 0x0b, 0x0b, 0x49,
  0x13, 0x3a, 0x0b, 0x3b, 0x0b, 0x39, 0x0b, 0x01, 0x13, 0x00, 0x00, 0x1d,
  0x28, 0x00, 0x03, 0x0e, 0x1c, 0x06, 0x00, 0x00, 0x1e, 0x28, 0x00, 0x03,
  0x0e, 0x1c, 0x05, 0x00, 0x00, 0x1f, 0x16, 0x00, 0x03, 0x08, 0x3a, 0x0b,
  0x3b, 0x0b, 0x39, 0x0b, 0x49, 0x13, 0x00, 0x00, 0x20, 0x21, 0x00, 0x00,
  0x00, 0x21, 0x2e, 0x01, 0x3f, 0x19, 0x03, 0x0e, 0x3a, 0x0b, 0x3b, 0x05,
  0x39, 0x0b, 0x27, 0x19, 0x87, 0x01, 0x19, 0x3c, 0x19, 0x01, 0x13, 0x00,
  0x00, 0x22, 0x2e, 0x00, 0x3f, 0x19, 0x03, 0x0e, 0x3a, 0x0b, 0x3b, 0x05,
  0x39, 0x0b, 0x27, 0x19, 0x49, 0x13, 0x3c, 0x19, 0x00, 0x00, 0x23, 0x0b,
  0x01, 0x11, 0x01, 0x12, 0x07, 0x00, 0x00, 0x24, 0x0b, 0x01, 0x55, 0x17,
  0x00, 0x00, 0x25, 0x21, 0x00, 0x49, 0x13, 0x2f, 0x05, 0x00, 0x00, 0x26,
  0x2e, 0x00, 0x3f, 0x19, 0x03, 0x0e, 0x3a, 0x0b, 0x3b, 0x0b, 0x39, 0x0b,
  0x11, 0x01, 0x12, 0x07, 0x40, 0x18, 0x7a, 0x19, 0x00, 0x00, 0x27, 0x2e,
  0x00, 0x3f, 0x19, 0x03, 0x0e, 0x3a, 0x0b, 0x3b, 0x0b, 0x39, 0x0b, 0x11,
  0x01, 0x12, 0x07, 0x40, 0x18, 0x7c, 0x19, 0x00, 0x00, 0x00, 0x01, 0x24,
  0x00, 0x0b, 0x0b, 0x3e, 0x0b, 0x03, 0x0e, 0x00, 0x00, 0x02, 0x34, 0x00,
  0x03, 0x0e, 0x3a, 0x21, 0x01, 0x3b, 0x0b, 0x39, 0x0b, 0x49, 0x13, 0x3f,
  0x19, 0x02, 0x18, 0x00, 0x00, 0x03, 0x11, 0x01, 0x25, 0x0e, 0x13, 0x0b,
  0x03, 0x1f, 0x1b, 0x1f, 0x10, 0x17, 0x00, 0x00, 0x04, 0x01, 0x01, 0x49,
  0x13, 0x01, 0x13, 0x00, 0x00, 0x05, 0x21, 0x00, 0x49, 0x13, 0x2f, 0x05,
  0x00, 0x00, 0x00, 0x01, 0x24, 0x00, 0x0b, 0x0b, 0x3e, 0x0b, 0x03, 0x0e,
  0x00, 0x00, 0x02, 0x34, 0x00, 0x03, 0x0e, 0x3a, 0x21, 0x01, 0x3b, 0x0b,
  0x39, 0x0b, 0x49, 0x13, 0x3f, 0x19, 0x02, 0x18, 0x00, 0x00, 0x03, 0x11,
  0x01, 0x25, 0x0e, 0x13, 0x0b, 0x03, 0x1f, 0x1b, 0x1f, 0x10, 0x17, 0x00,
  0x00, 0x04, 0x01, 0x01, 0x49, 0x13, 0x01, 0x13, 0x00, 0x00, 0x05, 0x21,
  0x00, 0x49, 0x13, 0x2f, 0x05, 0x00, 0x00, 0x00, 0xff, 0x01, 0x00, 0x00,
  0x05, 0x00, 0x08, 0x00, 0xa0, 0x00, 0x00, 0x00, 0x01, 0x01, 0x01, 0xfb,
  0x0e, 0x0d, 0x00, 0x01, 0x01, 0x01, 0x01, 0x00, 0x00, 0x00, 0x01, 0x00,
  0x00, 0x01, 0x01, 0x01, 0x1f, 0x08, 0x09, 0x00, 0x00, 0x00, 0x2f, 0x00,
  0x00, 0x00, 0x5f, 0x00, 0x00, 0x00, 0x71, 0x00, 0x00, 0x00, 0x89, 0x00,
  0x00, 0x00, 0x96, 0x00, 0x00, 0x00, 0xab, 0x00, 0x00, 0x00, 0xc0, 0x00,
  0x00, 0x00, 0x02, 0x01, 0x1f, 0x02, 0x0f, 0x14, 0x00, 0x00, 0x00, 0x00,
  0x00, 0x00, 0x00, 0x00, 0x00, 0x00, 0xd1, 0x00, 0x00, 0x00, 0x01, 0xda,
  0x00, 0x00, 0x00, 0x02, 0xe2, 0x00, 0x00, 0x00, 0x03, 0xe9, 0x00, 0x00,
  0x00, 0x03, 0xf0, 0x00, 0x00, 0x00, 0x04, 0xf9, 0x00, 0x00, 0x00, 0x02,
  0x08, 0x01, 0x00, 0x00, 0x02, 0x13, 0x01, 0x00, 0x00, 0x02, 0x1c, 0x01,
  0x00, 0x00, 0x05, 0xda, 0x00, 0x00, 0x00, 0x06, 0x21, 0x01, 0x00, 0x00,
  0x06, 0x27, 0x01, 0x00, 0x00, 0x04, 0x13, 0x01, 0x00, 0x00, 0x07, 0x2f,
  0x01, 0x00, 0x00, 0x04, 0x38, 0x01, 0x00, 0x00, 0x04, 0x42, 0x01, 0x00,
  0x00, 0x04, 0x4b, 0x01, 0x00, 0x00, 0x06, 0x51, 0x01, 0x00, 0x00, 0x02,
  0x05, 0x1b, 0x00, 0x09, 0x02, 0x09, 0x13, 0x00, 0x00, 0x00, 0x00, 0x00,
  0x00, 0x03, 0x11, 0x01, 0x05, 0x05, 0x4b, 0xe5, 0x05, 0x01, 0xe5, 0x05,
  0x18, 0x3e, 0x05, 0x05, 0x4b, 0x05, 0x01, 0x21, 0x05, 0x1b, 0x3e, 0x05,
  0x0e, 0x86, 0x05, 0x0b, 0x91, 0x05, 0x08, 0xf4, 0x05, 0x09, 0x75, 0xe5,
  0x05, 0x0c, 0xa1, 0x05, 0x01, 0x4b, 0x05, 0x26, 0x30, 0x05, 0x09, 0xbc,
  0x05, 0x08, 0x00, 0x02, 0x04, 0x01, 0x08, 0xba, 0x05, 0x09, 0x4b, 0xe5,
  0xa2, 0x05, 0x08, 0x00, 0x02, 0x04, 0x01, 0x02, 0x23, 0x12, 0x05, 0x09,
  0x4b, 0xe5, 0x05, 0x0a, 0xa2, 0x05, 0x08, 0x00, 0x02, 0x04, 0x01, 0xba,
  0x05, 0x09, 0x4b, 0xe5, 0x05, 0x01, 0xa0, 0x05, 0x1e, 0x3e, 0x08, 0x20,
  0x05, 0x09, 0xe9, 0x05, 0x11, 0x08, 0x85, 0x05, 0x0c, 0x02, 0x24, 0x13,
  0x05, 0x17, 0xcc, 0x05, 0x0d, 0xf5, 0x05, 0x0c, 0x00, 0x02, 0x04, 0x01,
  0x08, 0x82, 0x05, 0x0d, 0x87, 0x05, 0x0c, 0x00, 0x02, 0x04, 0x01, 0x08,
  0x82, 0x05, 0x0d, 0x4b, 0x08, 0xc9, 0x05, 0x14, 0xa2, 0x05, 0x0c, 0x08,
  0xe5, 0x05, 0x0e, 0xda, 0x05, 0x0f, 0x08, 0x67, 0x05, 0x36, 0x2f, 0x05,
  0x0d, 0x00, 0x02, 0x04, 0x01, 0xe4, 0x05, 0x10, 0x08, 0xf1, 0x05, 0x32,
  0x00, 0x02, 0x04, 0x01, 0x08, 0x9e, 0x05, 0x09, 0x5b, 0x05, 0x20, 0xe7,
  0x05, 0x09, 0x00, 0x02, 0x04, 0x01, 0xe4, 0x05, 0x0d, 0x03, 0x63, 0x08,
  0xe4, 0x43, 0x05, 0x01, 0x03, 0x18, 0x20, 0x05, 0x0d, 0x03, 0x74, 0x08,
  0x20, 0x05, 0x0f, 0x03, 0x67, 0x20, 0x05, 0x01, 0x03, 0x25, 0x58, 0x05,
  0x0c, 0x76, 0x82, 0x05, 0x05, 0xe8, 0x05, 0x14, 0x9f, 0x05, 0x05, 0xd7,
  0x05, 0x13, 0xbc, 0x05, 0x08, 0x08, 0x67, 0x05, 0x09, 0x67, 0xe5, 0x05,
  0x15, 0xa1, 0x67, 0x05, 0x13, 0x00, 0x02, 0x04, 0x01, 0x9e, 0x05, 0x1a,
  0x4b, 0x05, 0x09, 0x76, 0x05, 0x08, 0x00, 0x02, 0x04, 0x01, 0x08, 0x58,
  0x05, 0x09, 0x4b, 0xe5, 0xa1, 0x05, 0x08, 0x00, 0x02, 0x04, 0x01, 0xe4,
  0x05, 0x09, 0x4b, 0xe5, 0x05, 0x16, 0xa3, 0x05, 0x1b, 0x75, 0x05, 0x0c,
  0x08, 0x76, 0x05, 0x0d, 0x67, 0x05, 0x14, 0x08, 0x16, 0x05, 0x09, 0xf3,
  0x05, 0x0d, 0x08, 0x14, 0x05, 0x0c, 0x00, 0x02, 0x04, 0x01, 0xba, 0x05,
  0x0d, 0x4b, 0x08, 0x14, 0x05, 0x09, 0xbd, 0xbb, 0xbb, 0x05, 0x0f, 0x03,
  0x6b, 0x9e, 0x02, 0x05, 0x00, 0x01, 0x01, 0x32, 0x00, 0x00, 0x00, 0x05,
  0x00, 0x08, 0x00, 0x2a, 0x00, 0x00, 0x00, 0x01, 0x01, 0x01, 0xfb, 0x0e,
  0x0d, 0x00, 0x01, 0x01, 0x01, 0x01, 0x00, 0x00, 0x00, 0x01, 0x00, 0x00,
  0x01, 0x01, 0x01, 0x1f, 0x01, 0x09, 0x00, 0x00, 0x00, 0x02, 0x01, 0x1f,
  0x02, 0x0f, 0x02, 0x5f, 0x01, 0x00, 0x00, 0x00, 0x5f, 0x01, 0x00, 0x00,
  0x00, 0x32, 0x00, 0x00, 0x00, 0x05, 0x00, 0x08, 0x00, 0x2a, 0x00, 0x00,
  0x00, 0x01, 0x01, 0x01, 0xfb, 0x0e, 0x0d, 0x00, 0x01, 0x01, 0x01, 0x01,
  0x00, 0x00, 0x00, 0x01, 0x00, 0x00, 0x01, 0x01, 0x01, 0x1f, 0x01, 0x09,
  0x00, 0x00, 0x00, 0x02, 0x01, 0x1f, 0x02, 0x0f, 0x02, 0x6a, 0x01, 0x00,
  0x00, 0x00, 0x6a, 0x01, 0x00, 0x00, 0x00, 0x5f, 0x5f, 0x6f, 0x66, 0x66,
  0x5f, 0x74, 0x00, 0x5f, 0x49, 0x4f, 0x5f, 0x72, 0x65, 0x61, 0x64, 0x5f,
  0x70, 0x74, 0x72, 0x00, 0x5f, 0x63, 0x68, 0x61, 0x69, 0x6e, 0x00, 0x73,
  0x69, 0x7a, 0x65, 0x5f, 0x74, 0x00, 0x45, 0x52, 0x52, 0x5f, 0x70, 0x72,
  0x69, 0x6e, 0x74, 0x5f, 0x65, 0x72, 0x72, 0x6f, 0x72, 0x73, 0x5f, 0x66,
  0x70, 0x00, 0x73, 0x6f, 0x63, 0x6b, 0x65, 0x74, 0x00, 0x53, 0x53, 0x4c,
  0x5f, 0x43, 0x54, 0x58, 0x5f, 0x6e, 0x65, 0x77, 0x00, 0x5f, 0x73, 0x68,
  0x6f, 0x72, 0x74, 0x62, 0x75, 0x66, 0x00, 0x53, 0x53, 0x4c, 0x5f, 0x43,
  0x54, 0x58, 0x5f, 0x75, 0x73, 0x65, 0x5f, 0x63, 0x65, 0x72, 0x74, 0x69,
  0x66, 0x69, 0x63, 0x61, 0x74, 0x65, 0x5f, 0x41, 0x53, 0x4e, 0x31, 0x00,
  0x69, 0x6e, 0x69, 0x74, 0x69, 0x61, 0x6c, 0x69, 0x7a, 0x65, 0x5f, 0x6f,
  0x70, 0x65, 0x6e, 0x73, 0x73, 0x6c, 0x00, 0x5f, 0x49, 0x4f, 0x5f, 0x62,
  0x75, 0x66, 0x5f, 0x62, 0x61, 0x73, 0x65, 0x00, 0x73, 0x74, 0x72, 0x6e,
  0x63, 0x61, 0x74, 0x00, 0x6c, 0x6f, 0x6e, 0x67, 0x20, 0x6c, 0x6f, 0x6e,
  0x67, 0x20, 0x75, 0x6e, 0x73, 0x69, 0x67, 0x6e, 0x65, 0x64, 0x20, 0x69,
  0x6e, 0x74, 0x00, 0x73, 0x65, 0x72, 0x76, 0x65, 0x72, 0x5f, 0x63, 0x72,
  0x74, 0x00, 0x69, 0x6e, 0x5f, 0x61, 0x64, 0x64, 0x72, 0x5f, 0x74, 0x00,
  0x6c, 0x6f, 0x6e, 0x67, 0x20, 0x6c, 0x6f, 0x6e, 0x67, 0x20, 0x69, 0x6e,
  0x74, 0x00, 0x53, 0x53, 0x4c, 0x5f, 0x43, 0x54, 0x58, 0x5f, 0x75, 0x73,
  0x65, 0x5f, 0x50, 0x72, 0x69, 0x76, 0x61, 0x74, 0x65, 0x4b, 0x65, 0x79,
  0x5f, 0x41, 0x53, 0x4e, 0x31, 0x00, 0x5f, 0x66, 0x69, 0x6c, 0x65, 0x6e,
  0x6f, 0x00, 0x5f, 0x49, 0x4f, 0x5f, 0x72, 0x65, 0x61, 0x64, 0x5f, 0x65,
  0x6e, 0x64, 0x00, 0x5f, 0x66, 0x6c, 0x61, 0x67, 0x73, 0x00, 0x53, 0x53,
  0x4c, 0x5f, 0x77, 0x72, 0x69, 0x74, 0x65, 0x00, 0x54, 0x4c, 0x53, 0x5f,
  0x73, 0x65, 0x72, 0x76, 0x65, 0x72, 0x5f, 0x6d, 0x65, 0x74, 0x68, 0x6f,
  0x64, 0x00, 0x5f, 0x49, 0x4f, 0x5f, 0x62, 0x75, 0x66, 0x5f, 0x65, 0x6e,
  0x64, 0x00, 0x5f, 0x63, 0x75, 0x72, 0x5f, 0x63, 0x6f, 0x6c, 0x75, 0x6d,
  0x6e, 0x00, 0x53, 0x4f, 0x43, 0x4b, 0x5f, 0x53, 0x54, 0x52, 0x45, 0x41,
  0x4d, 0x00, 0x5f, 0x49, 0x4f, 0x5f, 0x63, 0x6f, 0x64, 0x65, 0x63, 0x76,
  0x74, 0x00, 0x5f, 0x6f, 0x6c, 0x64, 0x5f, 0x6f, 0x66, 0x66, 0x73, 0x65,
  0x74, 0x00, 0x62, 0x79, 0x74, 0x65, 0x73, 0x00, 0x73, 0x73, 0x6c, 0x5f,
  0x73, 0x74, 0x00, 0x5f, 0x5f, 0x75, 0x69, 0x6e, 0x74, 0x33, 0x32, 0x5f,
  0x74, 0x00, 0x70, 0x6f, 0x70, 0x65, 0x6e, 0x00, 0x53, 0x53, 0x4c, 0x5f,
  0x72, 0x65, 0x61, 0x64, 0x00, 0x73, 0x69, 0x6e, 0x5f, 0x7a, 0x65, 0x72,
  0x6f, 0x00, 0x5f, 0x49, 0x4f, 0x5f, 0x6d, 0x61, 0x72, 0x6b, 0x65, 0x72,
  0x00, 0x53, 0x4f, 0x43, 0x4b, 0x5f, 0x52, 0x44, 0x4d, 0x00, 0x73, 0x5f,
  0x61, 0x64, 0x64, 0x72, 0x00, 0x5f, 0x66, 0x72, 0x65, 0x65, 0x72, 0x65,
  0x73, 0x5f, 0x62, 0x75, 0x66, 0x00, 0x73, 0x74, 0x72, 0x6c, 0x65, 0x6e,
  0x00, 0x5f, 0x49, 0x4f, 0x5f, 0x77, 0x72, 0x69, 0x74, 0x65, 0x5f, 0x70,
  0x74, 0x72, 0x00, 0x73, 0x73, 0x6c, 0x5f, 0x63, 0x74, 0x78, 0x5f, 0x73,
  0x74, 0x00, 0x62, 0x69, 0x6e, 0x64, 0x00, 0x73, 0x68, 0x6f, 0x72, 0x74,
  0x20, 0x75, 0x6e, 0x73, 0x69, 0x67, 0x6e, 0x65, 0x64, 0x20, 0x69, 0x6e,
  0x74, 0x00, 0x73, 0x69, 0x6e, 0x5f, 0x61, 0x64, 0x64, 0x72, 0x00, 0x6c,
  0x69, 0x73, 0x74, 0x65, 0x6e, 0x00, 0x5f, 0x49, 0x4f, 0x5f, 0x73, 0x61,
  0x76, 0x65, 0x5f, 0x62, 0x61, 0x73, 0x65, 0x00, 0x53, 0x4f, 0x43, 0x4b,
  0x5f, 0x4e, 0x4f, 0x4e, 0x42, 0x4c, 0x4f, 0x43, 0x4b, 0x00, 0x63, 0x6c,
  0x69, 0x65, 0x6e, 0x74, 0x5f, 0x73, 0x6f, 0x63, 0x6b, 0x00, 0x53, 0x53,
  0x4c, 0x5f, 0x43, 0x54, 0x58, 0x5f, 0x63, 0x68, 0x65, 0x63, 0x6b, 0x5f,
  0x70, 0x72, 0x69, 0x76, 0x61, 0x74, 0x65, 0x5f, 0x6b, 0x65, 0x79, 0x00,
  0x5f, 0x6c, 0x6f, 0x63, 0x6b, 0x00, 0x53, 0x53, 0x4c, 0x5f, 0x43, 0x54,
  0x58, 0x00, 0x53, 0x53, 0x4c, 0x5f, 0x61, 0x63, 0x63, 0x65, 0x70, 0x74,
  0x00, 0x5f, 0x66, 0x6c, 0x61, 0x67, 0x73, 0x32, 0x00, 0x69, 0x6e, 0x5f,
  0x70, 0x6f, 0x72, 0x74, 0x5f, 0x74, 0x00, 0x66, 0x67, 0x65, 0x74, 0x73,
  0x00, 0x63, 0x6c, 0x65, 0x61, 0x6e, 0x75, 0x70, 0x5f, 0x6f, 0x70, 0x65,
  0x6e, 0x73, 0x73, 0x6c, 0x00, 0x73, 0x65, 0x72, 0x76, 0x65, 0x72, 0x5f,
  0x63, 0x72, 0x74, 0x5f, 0x6c, 0x65, 0x6e, 0x00, 0x63, 0x6c, 0x69, 0x65,
  0x6e, 0x74, 0x5f, 0x61, 0x64, 0x64, 0x72, 0x00, 0x53, 0x53, 0x4c, 0x5f,
  0x73, 0x68, 0x75, 0x74, 0x64, 0x6f, 0x77, 0x6e, 0x00, 0x70, 0x65, 0x72,
  0x72, 0x6f, 0x72, 0x00, 0x73, 0x69, 0x6e, 0x5f, 0x66, 0x61, 0x6d, 0x69,
  0x6c, 0x79, 0x00, 0x63, 0x6f, 0x6e, 0x66, 0x69, 0x67, 0x75, 0x72, 0x65,
  0x5f, 0x63, 0x6f, 0x6e, 0x74, 0x65, 0x78, 0x74, 0x00, 0x5f, 0x49, 0x4f,
  0x5f, 0x77, 0x72, 0x69, 0x74, 0x65, 0x5f, 0x65, 0x6e, 0x64, 0x00, 0x5f,
  0x70, 0x72, 0x65, 0x76, 0x63, 0x68, 0x61, 0x69, 0x6e, 0x00, 0x5f, 0x49,
  0x4f, 0x5f, 0x6c, 0x6f, 0x63, 0x6b, 0x5f, 0x74, 0x00, 0x5f, 0x49, 0x4f,
  0x5f, 0x46, 0x49, 0x4c, 0x45, 0x00, 0x53, 0x53, 0x4c, 0x5f, 0x73, 0x65,
  0x74, 0x5f, 0x66, 0x64, 0x00, 0x53, 0x4f, 0x43, 0x4b, 0x5f, 0x44, 0x43,
  0x43, 0x50, 0x00, 0x5f, 0x5f, 0x75, 0x69, 0x6e, 0x74, 0x36, 0x34, 0x5f,
  0x74, 0x00, 0x5f, 0x6d, 0x6f, 0x64, 0x65, 0x00, 0x73, 0x69, 0x6e, 0x5f,
  0x70, 0x6f, 0x72, 0x74, 0x00, 0x73, 0x61, 0x5f, 0x66, 0x61, 0x6d, 0x69,
  0x6c, 0x79, 0x00, 0x5f, 0x6d, 0x61, 0x72, 0x6b, 0x65, 0x72, 0x73, 0x00,
  0x5f, 0x5f, 0x73, 0x6f, 0x63, 0x6b, 0x65, 0x74, 0x5f, 0x74, 0x79, 0x70,
  0x65, 0x00, 0x75, 0x6e, 0x73, 0x69, 0x67, 0x6e, 0x65, 0x64, 0x20, 0x63,
  0x68, 0x61, 0x72, 0x00, 0x73, 0x68, 0x6f, 0x72, 0x74, 0x20, 0x69, 0x6e,
  0x74, 0x00, 0x5f, 0x49, 0x4f, 0x5f, 0x77, 0x69, 0x64, 0x65, 0x5f, 0x64,
  0x61, 0x74, 0x61, 0x00, 0x68, 0x74, 0x6f, 0x6e, 0x73, 0x00, 0x5f, 0x76,
  0x74, 0x61, 0x62, 0x6c, 0x65, 0x5f, 0x6f, 0x66, 0x66, 0x73, 0x65, 0x74,
  0x00, 0x73, 0x65, 0x72, 0x76, 0x65, 0x72, 0x5f, 0x73, 0x6f, 0x63, 0x6b,
  0x00, 0x65, 0x78, 0x69, 0x74, 0x00, 0x53, 0x4f, 0x43, 0x4b, 0x5f, 0x50,
  0x41, 0x43, 0x4b, 0x45, 0x54, 0x00, 0x63, 0x72, 0x65, 0x61, 0x74, 0x65,
  0x5f, 0x63, 0x6f, 0x6e, 0x74, 0x65, 0x78, 0x74, 0x00, 0x6c, 0x6f, 0x6e,
  0x67, 0x20, 0x64, 0x6f, 0x75, 0x62, 0x6c, 0x65, 0x00, 0x73, 0x74, 0x72,
  0x63, 0x61, 0x73, 0x65, 0x63, 0x6d, 0x70, 0x00, 0x4f, 0x50, 0x45, 0x4e,
  0x53, 0x53, 0x4c, 0x5f, 0x49, 0x4e, 0x49, 0x54, 0x5f, 0x53, 0x45, 0x54,
  0x54, 0x49, 0x4e, 0x47, 0x53, 0x00, 0x5f, 0x5f, 0x73, 0x6f, 0x63, 0x6b,
  0x6c, 0x65, 0x6e, 0x5f, 0x74, 0x00, 0x5f, 0x5f, 0x75, 0x69, 0x6e, 0x74,
  0x31, 0x36, 0x5f, 0x74, 0x00, 0x47, 0x4e, 0x55, 0x20, 0x43, 0x31, 0x37,
  0x20, 0x31, 0x34, 0x2e, 0x32, 0x2e, 0x31, 0x20, 0x32, 0x30, 0x32, 0x34,
  0x30, 0x39, 0x31, 0x30, 0x20, 0x2d, 0x6d, 0x74, 0x75, 0x6e, 0x65, 0x3d,
  0x67, 0x65, 0x6e, 0x65, 0x72, 0x69, 0x63, 0x20, 0x2d, 0x6d, 0x61, 0x72,
  0x63, 0x68, 0x3d, 0x78, 0x38, 0x36, 0x2d, 0x36, 0x34, 0x20, 0x2d, 0x67,
  0x00, 0x53, 0x53, 0x4c, 0x5f, 0x66, 0x72, 0x65, 0x65, 0x00, 0x62, 0x75,
  0x66, 0x66, 0x65, 0x72, 0x00, 0x5f, 0x5f, 0x6f, 0x66, 0x66, 0x36, 0x34,
  0x5f, 0x74, 0x00, 0x5f, 0x49, 0x4f, 0x5f, 0x72, 0x65, 0x61, 0x64, 0x5f,
  0x62, 0x61, 0x73, 0x65, 0x00, 0x5f, 0x49, 0x4f, 0x5f, 0x73, 0x61, 0x76,
  0x65, 0x5f, 0x65, 0x6e, 0x64, 0x00, 0x53, 0x53, 0x4c, 0x5f, 0x4d, 0x45,
  0x54, 0x48, 0x4f, 0x44, 0x00, 0x68, 0x61, 0x6e, 0x64, 0x6c, 0x65, 0x5f,
  0x63, 0x6c, 0x69, 0x65, 0x6e, 0x74, 0x00, 0x73, 0x61, 0x5f, 0x66, 0x61,
  0x6d, 0x69, 0x6c, 0x79, 0x5f, 0x74, 0x00, 0x5f, 0x75, 0x6e, 0x75, 0x73,
  0x65, 0x64, 0x32, 0x00, 0x73, 0x74, 0x64, 0x65, 0x72, 0x72, 0x00, 0x6d,
  0x65, 0x6d, 0x73, 0x65, 0x74, 0x00, 0x53, 0x4f, 0x43, 0x4b, 0x5f, 0x43,
  0x4c, 0x4f, 0x45, 0x58, 0x45, 0x43, 0x00, 0x4f, 0x50, 0x45, 0x4e, 0x53,
  0x53, 0x4c, 0x5f, 0x69, 0x6e, 0x69, 0x74, 0x5f, 0x73, 0x73, 0x6c, 0x00,
  0x73, 0x6f, 0x63, 0x6b, 0x61, 0x64, 0x64, 0x72, 0x00, 0x53, 0x4f, 0x43,
  0x4b, 0x5f, 0x44, 0x47, 0x52, 0x41, 0x4d, 0x00, 0x73, 0x6f, 0x63, 0x6b,
  0x61, 0x64, 0x64, 0x72, 0x5f, 0x69, 0x6e, 0x00, 0x5f, 0x49, 0x4f, 0x5f,
  0x62, 0x61, 0x63, 0x6b, 0x75, 0x70, 0x5f, 0x62, 0x61, 0x73, 0x65, 0x00,
  0x70, 0x63, 0x6c, 0x6f, 0x73, 0x65, 0x00, 0x73, 0x65, 0x72, 0x76, 0x65,
  0x72, 0x5f, 0x6b, 0x65, 0x79, 0x5f, 0x6c, 0x65, 0x6e, 0x00, 0x73, 0x73,
  0x6c, 0x5f, 0x6d, 0x65, 0x74, 0x68, 0x6f, 0x64, 0x5f, 0x73, 0x74, 0x00,
  0x73, 0x61, 0x5f, 0x64, 0x61, 0x74, 0x61, 0x00, 0x5f, 0x66, 0x72, 0x65,
  0x65, 0x72, 0x65, 0x73, 0x5f, 0x6c, 0x69, 0x73, 0x74, 0x00, 0x6f, 0x73,
  0x73, 0x6c, 0x5f, 0x69, 0x6e, 0x69, 0x74, 0x5f, 0x73, 0x65, 0x74, 0x74,
  0x69, 0x6e, 0x67, 0x73, 0x5f, 0x73, 0x74, 0x00, 0x53, 0x4f, 0x43, 0x4b,
  0x5f, 0x52, 0x41, 0x57, 0x00, 0x73, 0x65, 0x72, 0x76, 0x65, 0x72, 0x5f,
  0x6b, 0x65, 0x79, 0x00, 0x53, 0x4f, 0x43, 0x4b, 0x5f, 0x53, 0x45, 0x51,
  0x50, 0x41, 0x43, 0x4b, 0x45, 0x54, 0x00, 0x53, 0x53, 0x4c, 0x5f, 0x6e,
  0x65, 0x77, 0x00, 0x6d, 0x61, 0x69, 0x6e, 0x00, 0x5f, 0x49, 0x4f, 0x5f,
  0x77, 0x72, 0x69, 0x74, 0x65, 0x5f, 0x62, 0x61, 0x73, 0x65, 0x00, 0x72,
  0x65, 0x73, 0x75, 0x6c, 0x74, 0x00, 0x73, 0x65, 0x72, 0x76, 0x65, 0x72,
  0x2e, 0x63, 0x00, 0x2f, 0x68, 0x6f, 0x6d, 0x65, 0x2f, 0x6a, 0x75, 0x6c,
  0x69, 0x65, 0x6e, 0x2f, 0x43, 0x6f, 0x64, 0x65, 0x2f, 0x50, 0x79, 0x74,
  0x68, 0x6f, 0x6e, 0x2f, 0x62, 0x61, 0x63, 0x6b, 0x64, 0x6f, 0x6f, 0x72,
  0x2f, 0x73, 0x73, 0x6c, 0x00, 0x2f, 0x75, 0x73, 0x72, 0x2f, 0x6c, 0x69,
  0x62, 0x2f, 0x67, 0x63, 0x63, 0x2f, 0x78, 0x38, 0x36, 0x5f, 0x36, 0x34,
  0x2d, 0x70, 0x63, 0x2d, 0x6c, 0x69, 0x6e, 0x75, 0x78, 0x2d, 0x67, 0x6e,
  0x75, 0x2f, 0x31, 0x34, 0x2e, 0x32, 0x2e, 0x31, 0x2f, 0x69, 0x6e, 0x63,
  0x6c, 0x75, 0x64, 0x65, 0x00, 0x2f, 0x75, 0x73, 0x72, 0x2f, 0x69, 0x6e,
  0x63, 0x6c, 0x75, 0x64, 0x65, 0x2f, 0x62, 0x69, 0x74, 0x73, 0x00, 0x2f,
  0x75, 0x73, 0x72, 0x2f, 0x69, 0x6e, 0x63, 0x6c, 0x75, 0x64, 0x65, 0x2f,
  0x62, 0x69, 0x74, 0x73, 0x2f, 0x74, 0x79, 0x70, 0x65, 0x73, 0x00, 0x2f,
  0x75, 0x73, 0x72, 0x2f, 0x69, 0x6e, 0x63, 0x6c, 0x75, 0x64, 0x65, 0x00,
  0x2f, 0x75, 0x73, 0x72, 0x2f, 0x69, 0x6e, 0x63, 0x6c, 0x75, 0x64, 0x65,
  0x2f, 0x6e, 0x65, 0x74, 0x69, 0x6e, 0x65, 0x74, 0x00, 0x2f, 0x75, 0x73,
  0x72, 0x2f, 0x69, 0x6e, 0x63, 0x6c, 0x75, 0x64, 0x65, 0x2f, 0x6f, 0x70,
  0x65, 0x6e, 0x73, 0x73, 0x6c, 0x00, 0x2f, 0x75, 0x73, 0x72, 0x2f, 0x69,
  0x6e, 0x63, 0x6c, 0x75, 0x64, 0x65, 0x2f, 0x73, 0x79, 0x73, 0x00, 0x73,
  0x74, 0x64, 0x64, 0x65, 0x66, 0x2e, 0x68, 0x00, 0x74, 0x79, 0x70, 0x65,
  0x73, 0x2e, 0x68, 0x00, 0x73, 0x74, 0x72, 0x75, 0x63, 0x74, 0x5f, 0x46,
  0x49, 0x4c, 0x45, 0x2e, 0x68, 0x00, 0x75, 0x6e, 0x69, 0x73, 0x74, 0x64,
  0x2e, 0x68, 0x00, 0x73, 0x74, 0x64, 0x69, 0x6e, 0x74, 0x2d, 0x75, 0x69,
  0x6e, 0x74, 0x6e, 0x2e, 0x68, 0x00, 0x73, 0x6f, 0x63, 0x6b, 0x61, 0x64,
  0x64, 0x72, 0x2e, 0x68, 0x00, 0x73, 0x6f, 0x63, 0x6b, 0x65, 0x74, 0x2e,
  0x68, 0x00, 0x69, 0x6e, 0x2e, 0x68, 0x00, 0x73, 0x73, 0x6c, 0x2e, 0x68,
  0x00, 0x73, 0x74, 0x64, 0x69, 0x6f, 0x2e, 0x68, 0x00, 0x73, 0x74, 0x72,
  0x69, 0x6e, 0x67, 0x2e, 0x68, 0x00, 0x73, 0x74, 0x72, 0x69, 0x6e, 0x67,
  0x73, 0x2e, 0x68, 0x00, 0x73, 0x74, 0x64, 0x6c, 0x69, 0x62, 0x2e, 0x68,
  0x00, 0x65, 0x72, 0x72, 0x2e, 0x68, 0x00, 0x73, 0x6f, 0x63, 0x6b, 0x65,
  0x74, 0x5f, 0x74, 0x79, 0x70, 0x65, 0x2e, 0x68, 0x00, 0x63, 0x65, 0x72,
  0x74, 0x5f, 0x68, 0x65, 0x78, 0x2e, 0x63, 0x00, 0x6b, 0x65, 0x79, 0x5f,
  0x68, 0x65, 0x78, 0x2e, 0x63, 0x00, 0x13, 0x00, 0x00, 0x00, 0x05, 0x00,
  0x08, 0x00, 0x00, 0x00, 0x00, 0x00, 0x04, 0xc7, 0x02, 0xe0, 0x05, 0x04,
  0xf2, 0x05, 0xf3, 0x05, 0x00, 0x00, 0x00, 0x00, 0x00, 0x00, 0x00, 0x00,
  0x00, 0x00, 0x00, 0x00, 0x00, 0x00, 0x00, 0x00, 0x00, 0x00, 0x00, 0x00,
  0x00, 0x00, 0x00, 0x00, 0x00, 0x00, 0x00, 0x00, 0x00, 0x00, 0x00, 0x00,
  0x01, 0x00, 0x00, 0x00, 0x04, 0x00, 0xf1, 0xff, 0x00, 0x00, 0x00, 0x00,
  0x00, 0x00, 0x00, 0x00, 0x00, 0x00, 0x00, 0x00, 0x00, 0x00, 0x00, 0x00,
  0x0a, 0x00, 0x00, 0x00, 0x04, 0x00, 0xf1, 0xff, 0x00, 0x00, 0x00, 0x00,
  0x00, 0x00, 0x00, 0x00, 0x00, 0x00, 0x00, 0x00, 0x00, 0x00, 0x00, 0x00,
  0x15, 0x00, 0x00, 0x00, 0x04, 0x00, 0xf1, 0xff, 0x00, 0x00, 0x00, 0x00,
  0x00, 0x00, 0x00, 0x00, 0x00, 0x00, 0x00, 0x00, 0x00, 0x00, 0x00, 0x00,
  0x00, 0x00, 0x00, 0x00, 0x04, 0x00, 0xf1, 0xff, 0x00, 0x00, 0x00, 0x00,
  0x00, 0x00, 0x00, 0x00, 0x00, 0x00, 0x00, 0x00, 0x00, 0x00, 0x00, 0x00,
  0x1f, 0x00, 0x00, 0x00, 0x00, 0x00, 0x11, 0x00, 0x60, 0x20, 0x00, 0x00,
  0x00, 0x00, 0x00, 0x00, 0x00, 0x00, 0x00, 0x00, 0x00, 0x00, 0x00, 0x00,
  0x32, 0x00, 0x00, 0x00, 0x01, 0x00, 0x15, 0x00, 0xc0, 0x3d, 0x00, 0x00,
  0x00, 0x00, 0x00, 0x00, 0x00, 0x00, 0x00, 0x00, 0x00, 0x00, 0x00, 0x00,
  0x3b, 0x00, 0x00, 0x00, 0x01, 0x00, 0x17, 0x00, 0xe8, 0x3f, 0x00, 0x00,
  0x00, 0x00, 0x00, 0x00, 0x00, 0x00, 0x00, 0x00, 0x00, 0x00, 0x00, 0x00,
  0x51, 0x00, 0x00, 0x00, 0x12, 0x00, 0x0e, 0x00, 0x36, 0x13, 0x00, 0x00,
  0x00, 0x00, 0x00, 0x00, 0x47, 0x00, 0x00, 0x00, 0x00, 0x00, 0x00, 0x00,
  0x60, 0x00, 0x00, 0x00, 0x12, 0x00, 0x00, 0x00, 0x00, 0x00, 0x00, 0x00,
  0x00, 0x00, 0x00, 0x00, 0x00, 0x00, 0x00, 0x00, 0x00, 0x00, 0x00, 0x00,
  0x77, 0x00, 0x00, 0x00, 0x12, 0x00, 0x00, 0x00, 0x00, 0x00, 0x00, 0x00,
  0x00, 0x00, 0x00, 0x00, 0x00, 0x00, 0x00, 0x00, 0x00, 0x00, 0x00, 0x00,
  0x89, 0x00, 0x00, 0x00, 0x12, 0x00, 0x00, 0x00, 0x00, 0x00, 0x00, 0x00,
  0x00, 0x00, 0x00, 0x00, 0x00, 0x00, 0x00, 0x00, 0x00, 0x00, 0x00, 0x00,
  0x9a, 0x00, 0x00, 0x00, 0x10, 0x00, 0x18, 0x00, 0x48, 0x49, 0x00, 0x00,
  0x00, 0x00, 0x00, 0x00, 0x00, 0x00, 0x00, 0x00, 0x00, 0x00, 0x00, 0x00,
  0xa1, 0x00, 0x00, 0x00, 0x12, 0x00, 0x00, 0x00, 0x00, 0x00, 0x00, 0x00,
  0x00, 0x00, 0x00, 0x00, 0x00, 0x00, 0x00, 0x00, 0x00, 0x00, 0x00, 0x00,
  0xb4, 0x00, 0x00, 0x00, 0x12, 0x00, 0x00, 0x00, 0x00, 0x00, 0x00, 0x00,
  0x00, 0x00, 0x00, 0x00, 0x00, 0x00, 0x00, 0x00, 0x00, 0x00, 0x00, 0x00,
  0xc6, 0x00, 0x00, 0x00, 0x12, 0x00, 0x00, 0x00, 0x00, 0x00, 0x00, 0x00,
  0x00, 0x00, 0x00, 0x00, 0x00, 0x00, 0x00, 0x00, 0x00, 0x00, 0x00, 0x00,
  0x53, 0x03, 0x00, 0x00, 0x20, 0x00, 0x18, 0x00, 0x00, 0x41, 0x00, 0x00,
  0x00, 0x00, 0x00, 0x00, 0x00, 0x00, 0x00, 0x00, 0x00, 0x00, 0x00, 0x00,
  0xd9, 0x00, 0x00, 0x00, 0x11, 0x00, 0x10, 0x00, 0x00, 0x20, 0x00, 0x00,
  0x00, 0x00, 0x00, 0x00, 0x04, 0x00, 0x00, 0x00, 0x00, 0x00, 0x00, 0x00,
  0xe8, 0x00, 0x00, 0x00, 0x22, 0x00, 0x00, 0x00, 0x00, 0x00, 0x00, 0x00,
  0x00, 0x00, 0x00, 0x00, 0x00, 0x00, 0x00, 0x00, 0x00, 0x00, 0x00, 0x00,
  0x03, 0x01, 0x00, 0x00, 0x12, 0x00, 0x00, 0x00, 0x00, 0x00, 0x00, 0x00,
  0x00, 0x00, 0x00, 0x00, 0x00, 0x00, 0x00, 0x00, 0x00, 0x00, 0x00, 0x00,
  0x16, 0x01, 0x00, 0x00, 0x12, 0x00, 0x0e, 0x00, 0x08, 0x16, 0x00, 0x00,
  0x00, 0x00, 0x00, 0x00, 0x96, 0x01, 0x00, 0x00, 0x00, 0x00, 0x00, 0x00,
  0x1b, 0x01, 0x00, 0x00, 0x12, 0x00, 0x00, 0x00, 0x00, 0x00, 0x00, 0x00,
  0x00, 0x00, 0x00, 0x00, 0x00, 0x00, 0x00, 0x00, 0x00, 0x00, 0x00, 0x00,
  0x3d, 0x01, 0x00, 0x00, 0x12, 0x00, 0x00, 0x00, 0x00, 0x00, 0x00, 0x00,
  0x00, 0x00, 0x00, 0x00, 0x00, 0x00, 0x00, 0x00, 0x00, 0x00, 0x00, 0x00,
  0x50, 0x01, 0x00, 0x00, 0x11, 0x02, 0x18, 0x00, 0x08, 0x41, 0x00, 0x00,
  0x00, 0x00, 0x00, 0x00, 0x00, 0x00, 0x00, 0x00, 0x00, 0x00, 0x00, 0x00,
  0x5d, 0x01, 0x00, 0x00, 0x12, 0x00, 0x00, 0x00, 0x00, 0x00, 0x00, 0x00,
  0x00, 0x00, 0x00, 0x00, 0x00, 0x00, 0x00, 0x00, 0x00, 0x00, 0x00, 0x00,
  0x74, 0x01, 0x00, 0x00, 0x12, 0x00, 0x00, 0x00, 0x00, 0x00, 0x00, 0x00,
  0x00, 0x00, 0x00, 0x00, 0x00, 0x00, 0x00, 0x00, 0x00, 0x00, 0x00, 0x00,
  0x8d, 0x01, 0x00, 0x00, 0x11, 0x00, 0x18, 0x00, 0x60, 0x44, 0x00, 0x00,
  0x00, 0x00, 0x00, 0x00, 0x04, 0x00, 0x00, 0x00, 0x00, 0x00, 0x00, 0x00,
  0x9c, 0x01, 0x00, 0x00, 0x12, 0x00, 0x00, 0x00, 0x00, 0x00, 0x00, 0x00,
  0x00, 0x00, 0x00, 0x00, 0x00, 0x00, 0x00, 0x00, 0x00, 0x00, 0x00, 0x00,
  0xb0, 0x01, 0x00, 0x00, 0x12, 0x00, 0x00, 0x00, 0x00, 0x00, 0x00, 0x00,
  0x00, 0x00, 0x00, 0x00, 0x00, 0x00, 0x00, 0x00, 0x00, 0x00, 0x00, 0x00,
  0xda, 0x01, 0x00, 0x00, 0x12, 0x02, 0x0f, 0x00, 0xa0, 0x17, 0x00, 0x00,
  0x00, 0x00, 0x00, 0x00, 0x00, 0x00, 0x00, 0x00, 0x00, 0x00, 0x00, 0x00,
  0xe0, 0x01, 0x00, 0x00, 0x11, 0x00, 0x18, 0x00, 0x44, 0x49, 0x00, 0x00,
  0x00, 0x00, 0x00, 0x00, 0x04, 0x00, 0x00, 0x00, 0x00, 0x00, 0x00, 0x00,
  0xef, 0x01, 0x00, 0x00, 0x12, 0x00, 0x00, 0x00, 0x00, 0x00, 0x00, 0x00,
  0x00, 0x00, 0x00, 0x00, 0x00, 0x00, 0x00, 0x00, 0x00, 0x00, 0x00, 0x00,
  0x0c, 0x02, 0x00, 0x00, 0x12, 0x00, 0x0e, 0x00, 0x09, 0x13, 0x00, 0x00,
  0x00, 0x00, 0x00, 0x00, 0x25, 0x00, 0x00, 0x00, 0x00, 0x00, 0x00, 0x00,
  0x1f, 0x02, 0x00, 0x00, 0x12, 0x00, 0x00, 0x00, 0x00, 0x00, 0x00, 0x00,
  0x00, 0x00, 0x00, 0x00, 0x00, 0x00, 0x00, 0x00, 0x00, 0x00, 0x00, 0x00,
  0x32, 0x02, 0x00, 0x00, 0x12, 0x00, 0x00, 0x00, 0x00, 0x00, 0x00, 0x00,
  0x00, 0x00, 0x00, 0x00, 0x00, 0x00, 0x00, 0x00, 0x00, 0x00, 0x00, 0x00,
  0x51, 0x02, 0x00, 0x00, 0x11, 0x00, 0x18, 0x00, 0x20, 0x41, 0x00, 0x00,
  0x00, 0x00, 0x00, 0x00, 0x3d, 0x03, 0x00, 0x00, 0x00, 0x00, 0x00, 0x00,
  0x5c, 0x02, 0x00, 0x00, 0x12, 0x00, 0x00, 0x00, 0x00, 0x00, 0x00, 0x00,
  0x00, 0x00, 0x00, 0x00, 0x00, 0x00, 0x00, 0x00, 0x00, 0x00, 0x00, 0x00,
  0x87, 0x02, 0x00, 0x00, 0x12, 0x00, 0x0e, 0x00, 0x2f, 0x14, 0x00, 0x00,
  0x00, 0x00, 0x00, 0x00, 0xd9, 0x01, 0x00, 0x00, 0x00, 0x00, 0x00, 0x00,
  0x57, 0x03, 0x00, 0x00, 0x12, 0x00, 0x0e, 0x00, 0x10, 0x12, 0x00, 0x00,
  0x00, 0x00, 0x00, 0x00, 0x26, 0x00, 0x00, 0x00, 0x00, 0x00, 0x00, 0x00,
  0x95, 0x02, 0x00, 0x00, 0x12, 0x00, 0x00, 0x00, 0x00, 0x00, 0x00, 0x00,
  0x00, 0x00, 0x00, 0x00, 0x00, 0x00, 0x00, 0x00, 0x00, 0x00, 0x00, 0x00,
  0xab, 0x02, 0x00, 0x00, 0x12, 0x00, 0x00, 0x00, 0x00, 0x00, 0x00, 0x00,
  0x00, 0x00, 0x00, 0x00, 0x00, 0x00, 0x00, 0x00, 0x00, 0x00, 0x00, 0x00,
  0xc2, 0x02, 0x00, 0x00, 0x12, 0x00, 0x00, 0x00, 0x00, 0x00, 0x00, 0x00,
  0x00, 0x00, 0x00, 0x00, 0x00, 0x00, 0x00, 0x00, 0x00, 0x00, 0x00, 0x00,
  0xdd, 0x02, 0x00, 0x00, 0x12, 0x02, 0x0c, 0x00, 0x00, 0x10, 0x00, 0x00,
  0x00, 0x00, 0x00, 0x00, 0x00, 0x00, 0x00, 0x00, 0x00, 0x00, 0x00, 0x00,
  0xe3, 0x02, 0x00, 0x00, 0x12, 0x00, 0x00, 0x00, 0x00, 0x00, 0x00, 0x00,
  0x00, 0x00, 0x00, 0x00, 0x00, 0x00, 0x00, 0x00, 0x00, 0x00, 0x00, 0x00,
  0xfe, 0x02, 0x00, 0x00, 0x12, 0x00, 0x00, 0x00, 0x00, 0x00, 0x00, 0x00,
  0x00, 0x00, 0x00, 0x00, 0x00, 0x00, 0x00, 0x00, 0x00, 0x00, 0x00, 0x00,
  0x11, 0x03, 0x00, 0x00, 0x11, 0x02, 0x18, 0x00, 0x48, 0x49, 0x00, 0x00,
  0x00, 0x00, 0x00, 0x00, 0x00, 0x00, 0x00, 0x00, 0x00, 0x00, 0x00, 0x00,
  0x1d, 0x03, 0x00, 0x00, 0x12, 0x00, 0x0e, 0x00, 0x2e, 0x13, 0x00, 0x00,
  0x00, 0x00, 0x00, 0x00, 0x08, 0x00, 0x00, 0x00, 0x00, 0x00, 0x00, 0x00,
  0x2d, 0x03, 0x00, 0x00, 0x12, 0x00, 0x00, 0x00, 0x00, 0x00, 0x00, 0x00,
  0x00, 0x00, 0x00, 0x00, 0x00, 0x00, 0x00, 0x00, 0x00, 0x00, 0x00, 0x00,
  0x3e, 0x03, 0x00, 0x00, 0x11, 0x00, 0x19, 0x00, 0x60, 0x49, 0x00, 0x00,
  0x00, 0x00, 0x00, 0x00, 0x08, 0x00, 0x00, 0x00, 0x00, 0x00, 0x00, 0x00,
  0x51, 0x03, 0x00, 0x00, 0x10, 0x00, 0x18, 0x00, 0x00, 0x41, 0x00, 0x00,
  0x00, 0x00, 0x00, 0x00, 0x00, 0x00, 0x00, 0x00, 0x00, 0x00, 0x00, 0x00,
  0x5e, 0x03, 0x00, 0x00, 0x10, 0x00, 0x19, 0x00, 0x70, 0x49, 0x00, 0x00,
  0x00, 0x00, 0x00, 0x00, 0x00, 0x00, 0x00, 0x00, 0x00, 0x00, 0x00, 0x00,
  0x63, 0x03, 0x00, 0x00, 0x12, 0x00, 0x00, 0x00, 0x00, 0x00, 0x00, 0x00,
  0x00, 0x00, 0x00, 0x00, 0x00, 0x00, 0x00, 0x00, 0x00, 0x00, 0x00, 0x00,
  0x76, 0x03, 0x00, 0x00, 0x12, 0x00, 0x00, 0x00, 0x00, 0x00, 0x00, 0x00,
  0x00, 0x00, 0x00, 0x00, 0x00, 0x00, 0x00, 0x00, 0x00, 0x00, 0x00, 0x00,
  0x90, 0x03, 0x00, 0x00, 0x12, 0x00, 0x0e, 0x00, 0x7d, 0x13, 0x00, 0x00,
  0x00, 0x00, 0x00, 0x00, 0xb2, 0x00, 0x00, 0x00, 0x00, 0x00, 0x00, 0x00,
  0xa2, 0x03, 0x00, 0x00, 0x10, 0x00, 0x19, 0x00, 0x60, 0x49, 0x00, 0x00,
  0x00, 0x00, 0x00, 0x00, 0x00, 0x00, 0x00, 0x00, 0x00, 0x00, 0x00, 0x00,
  0xae, 0x03, 0x00, 0x00, 0x12, 0x00, 0x00, 0x00, 0x00, 0x00, 0x00, 0x00,
  0x00, 0x00, 0x00, 0x00, 0x00, 0x00, 0x00, 0x00, 0x00, 0x00, 0x00, 0x00,
  0xc0, 0x03, 0x00, 0x00, 0x12, 0x00, 0x00, 0x00, 0x00, 0x00, 0x00, 0x00,
  0x00, 0x00, 0x00, 0x00, 0x00, 0x00, 0x00, 0x00, 0x00, 0x00, 0x00, 0x00,
  0xe8, 0x03, 0x00, 0x00, 0x20, 0x00, 0x00, 0x00, 0x00, 0x00, 0x00, 0x00,
  0x00, 0x00, 0x00, 0x00, 0x00, 0x00, 0x00, 0x00, 0x00, 0x00, 0x00, 0x00,
  0x04, 0x04, 0x00, 0x00, 0x11, 0x00, 0x18, 0x00, 0x80, 0x44, 0x00, 0x00,
  0x00, 0x00, 0x00, 0x00, 0xc2, 0x04, 0x00, 0x00, 0x00, 0x00, 0x00, 0x00,
  0x0f, 0x04, 0x00, 0x00, 0x12, 0x00, 0x00, 0x00, 0x00, 0x00, 0x00, 0x00,
  0x00, 0x00, 0x00, 0x00, 0x00, 0x00, 0x00, 0x00, 0x00, 0x00, 0x00, 0x00,
  0x28, 0x04, 0x00, 0x00, 0x20, 0x00, 0x00, 0x00, 0x00, 0x00, 0x00, 0x00,
  0x00, 0x00, 0x00, 0x00, 0x00, 0x00, 0x00, 0x00, 0x00, 0x00, 0x00, 0x00,
  0x37, 0x04, 0x00, 0x00, 0x20, 0x00, 0x00, 0x00, 0x00, 0x00, 0x00, 0x00,
  0x00, 0x00, 0x00, 0x00, 0x00, 0x00, 0x00, 0x00, 0x00, 0x00, 0x00, 0x00,
  0x51, 0x04, 0x00, 0x00, 0x12, 0x00, 0x00, 0x00, 0x00, 0x00, 0x00, 0x00,
  0x00, 0x00, 0x00, 0x00, 0x00, 0x00, 0x00, 0x00, 0x00, 0x00, 0x00, 0x00,
  0x64, 0x03, 0x00, 0x00, 0x12, 0x00, 0x00, 0x00, 0x00, 0x00, 0x00, 0x00,
  0x00, 0x00, 0x00, 0x00, 0x00, 0x00, 0x00, 0x00, 0x00, 0x00, 0x00, 0x00,
  0x69, 0x04, 0x00, 0x00, 0x12, 0x00, 0x00, 0x00, 0x00, 0x00, 0x00, 0x00,
  0x00, 0x00, 0x00, 0x00, 0x00, 0x00, 0x00, 0x00, 0x00, 0x00, 0x00, 0x00,
  0x00, 0x73, 0x65, 0x72, 0x76, 0x65, 0x72, 0x2e, 0x63, 0x00, 0x63, 0x65,
  0x72, 0x74, 0x5f, 0x68, 0x65, 0x78, 0x2e, 0x63, 0x00, 0x6b, 0x65, 0x79,
  0x5f, 0x68, 0x65, 0x78, 0x2e, 0x63, 0x00, 0x5f, 0x5f, 0x47, 0x4e, 0x55,
  0x5f, 0x45, 0x48, 0x5f, 0x46, 0x52, 0x41, 0x4d, 0x45, 0x5f, 0x48, 0x44,
  0x52, 0x00, 0x5f, 0x44, 0x59, 0x4e, 0x41, 0x4d, 0x49, 0x43, 0x00, 0x5f,
  0x47, 0x4c, 0x4f, 0x42, 0x41, 0x4c, 0x5f, 0x4f, 0x46, 0x46, 0x53, 0x45,
  0x54, 0x5f, 0x54, 0x41, 0x42, 0x4c, 0x45, 0x5f, 0x00, 0x63, 0x72, 0x65,
  0x61, 0x74, 0x65, 0x5f, 0x63, 0x6f, 0x6e, 0x74, 0x65, 0x78, 0x74, 0x00,
  0x53, 0x53, 0x4c, 0x5f, 0x72, 0x65, 0x61, 0x64, 0x40, 0x4f, 0x50, 0x45,
  0x4e, 0x53, 0x53, 0x4c, 0x5f, 0x33, 0x2e, 0x30, 0x2e, 0x30, 0x00, 0x68,
  0x74, 0x6f, 0x6e, 0x73, 0x40, 0x47, 0x4c, 0x49, 0x42, 0x43, 0x5f, 0x32,
  0x2e, 0x32, 0x2e, 0x35, 0x00, 0x62, 0x69, 0x6e, 0x64, 0x40, 0x47, 0x4c,
  0x49, 0x42, 0x43, 0x5f, 0x32, 0x2e, 0x32, 0x2e, 0x35, 0x00, 0x5f, 0x65,
  0x64, 0x61, 0x74, 0x61, 0x00, 0x73, 0x6f, 0x63, 0x6b, 0x65, 0x74, 0x40,
  0x47, 0x4c, 0x49, 0x42, 0x43, 0x5f, 0x32, 0x2e, 0x32, 0x2e, 0x35, 0x00,
  0x70, 0x6f, 0x70, 0x65, 0x6e, 0x40, 0x47, 0x4c, 0x49, 0x42, 0x43, 0x5f,
  0x32, 0x2e, 0x32, 0x2e, 0x35, 0x00, 0x61, 0x63, 0x63, 0x65, 0x70, 0x74,
  0x40, 0x47, 0x4c, 0x49, 0x42, 0x43, 0x5f, 0x32, 0x2e, 0x32, 0x2e, 0x35,
  0x00, 0x5f, 0x49, 0x4f, 0x5f, 0x73, 0x74, 0x64, 0x69, 0x6e, 0x5f, 0x75,
  0x73, 0x65, 0x64, 0x00, 0x5f, 0x5f, 0x63, 0x78, 0x61, 0x5f, 0x66, 0x69,
  0x6e, 0x61, 0x6c, 0x69, 0x7a, 0x65, 0x40, 0x47, 0x4c, 0x49, 0x42, 0x43,
  0x5f, 0x32, 0x2e, 0x32, 0x2e, 0x35, 0x00, 0x73, 0x74, 0x72, 0x6c, 0x65,
  0x6e, 0x40, 0x47, 0x4c, 0x49, 0x42, 0x43, 0x5f, 0x32, 0x2e, 0x32, 0x2e,
  0x35, 0x00, 0x6d, 0x61, 0x69, 0x6e, 0x00, 0x45, 0x52, 0x52, 0x5f, 0x70,
  0x72, 0x69, 0x6e, 0x74, 0x5f, 0x65, 0x72, 0x72, 0x6f, 0x72, 0x73, 0x5f,
  0x66, 0x70, 0x40, 0x4f, 0x50, 0x45, 0x4e, 0x53, 0x53, 0x4c, 0x5f, 0x33,
  0x2e, 0x30, 0x2e, 0x30, 0x00, 0x6d, 0x65, 0x6d, 0x73, 0x65, 0x74, 0x40,
  0x47, 0x4c, 0x49, 0x42, 0x43, 0x5f, 0x32, 0x2e, 0x32, 0x2e, 0x35, 0x00,
  0x5f, 0x5f, 0x64, 0x73, 0x6f, 0x5f, 0x68, 0x61, 0x6e, 0x64, 0x6c, 0x65,
  0x00, 0x53, 0x53, 0x4c, 0x5f, 0x66, 0x72, 0x65, 0x65, 0x40, 0x4f, 0x50,
  0x45, 0x4e, 0x53, 0x53, 0x4c, 0x5f, 0x33, 0x2e, 0x30, 0x2e, 0x30, 0x00,
  0x53, 0x53, 0x4c, 0x5f, 0x73, 0x65, 0x74, 0x5f, 0x66, 0x64, 0x40, 0x4f,
  0x50, 0x45, 0x4e, 0x53, 0x53, 0x4c, 0x5f, 0x33, 0x2e, 0x30, 0x2e, 0x30,
  0x00, 0x73, 0x65, 0x72, 0x76, 0x65, 0x72, 0x5f, 0x63, 0x72, 0x74, 0x5f,
  0x6c, 0x65, 0x6e, 0x00, 0x73, 0x74, 0x72, 0x6e, 0x63, 0x61, 0x74, 0x40,
  0x47, 0x4c, 0x49, 0x42, 0x43, 0x5f, 0x32, 0x2e, 0x32, 0x2e, 0x35, 0x00,
  0x53, 0x53, 0x4c, 0x5f, 0x43, 0x54, 0x58, 0x5f, 0x75, 0x73, 0x65, 0x5f,
  0x50, 0x72, 0x69, 0x76, 0x61, 0x74, 0x65, 0x4b, 0x65, 0x79, 0x5f, 0x41,
  0x53, 0x4e, 0x31, 0x40, 0x4f, 0x50, 0x45, 0x4e, 0x53, 0x53, 0x4c, 0x5f,
  0x33, 0x2e, 0x30, 0x2e, 0x30, 0x00, 0x5f, 0x66, 0x69, 0x6e, 0x69, 0x00,
  0x73, 0x65, 0x72, 0x76, 0x65, 0x72, 0x5f, 0x6b, 0x65, 0x79, 0x5f, 0x6c,
  0x65, 0x6e, 0x00, 0x5f, 0x5f, 0x6c, 0x69, 0x62, 0x63, 0x5f, 0x73, 0x74,
  0x61, 0x72, 0x74, 0x5f, 0x6d, 0x61, 0x69, 0x6e, 0x40, 0x47, 0x4c, 0x49,
  0x42, 0x43, 0x5f, 0x32, 0x2e, 0x33, 0x34, 0x00, 0x69, 0x6e, 0x69, 0x74,
  0x69, 0x61, 0x6c, 0x69, 0x7a, 0x65, 0x5f, 0x6f, 0x70, 0x65, 0x6e, 0x73,
  0x73, 0x6c, 0x00, 0x70, 0x65, 0x72, 0x72, 0x6f, 0x72, 0x40, 0x47, 0x4c,
  0x49, 0x42, 0x43, 0x5f, 0x32, 0x2e, 0x32, 0x2e, 0x35, 0x00, 0x4f, 0x50,
  0x45, 0x4e, 0x53, 0x53, 0x4c, 0x5f, 0x69, 0x6e, 0x69, 0x74, 0x5f, 0x73,
  0x73, 0x6c, 0x40, 0x4f, 0x50, 0x45, 0x4e, 0x53, 0x53, 0x4c, 0x5f, 0x33,
  0x2e, 0x30, 0x2e, 0x30, 0x00, 0x73, 0x65, 0x72, 0x76, 0x65, 0x72, 0x5f,
  0x63, 0x72, 0x74, 0x00, 0x53, 0x53, 0x4c, 0x5f, 0x43, 0x54, 0x58, 0x5f,
  0x75, 0x73, 0x65, 0x5f, 0x63, 0x65, 0x72, 0x74, 0x69, 0x66, 0x69, 0x63,
  0x61, 0x74, 0x65, 0x5f, 0x41, 0x53, 0x4e, 0x31, 0x40, 0x4f, 0x50, 0x45,
  0x4e, 0x53, 0x53, 0x4c, 0x5f, 0x33, 0x2e, 0x30, 0x2e, 0x30, 0x00, 0x68,
  0x61, 0x6e, 0x64, 0x6c, 0x65, 0x5f, 0x63, 0x6c, 0x69, 0x65, 0x6e, 0x74,
  0x00, 0x53, 0x53, 0x4c, 0x5f, 0x6e, 0x65, 0x77, 0x40, 0x4f, 0x50, 0x45,
  0x4e, 0x53, 0x53, 0x4c, 0x5f, 0x33, 0x2e, 0x30, 0x2e, 0x30, 0x00, 0x73,
  0x74, 0x72, 0x63, 0x61, 0x73, 0x65, 0x63, 0x6d, 0x70, 0x40, 0x47, 0x4c,
  0x49, 0x42, 0x43, 0x5f, 0x32, 0x2e, 0x32, 0x2e, 0x35, 0x00, 0x5f, 0x5f,
  0x73, 0x74, 0x61, 0x63, 0x6b, 0x5f, 0x63, 0x68, 0x6b, 0x5f, 0x66, 0x61,
  0x69, 0x6c, 0x40, 0x47, 0x4c, 0x49, 0x42, 0x43, 0x5f, 0x32, 0x2e, 0x34,
  0x00, 0x5f, 0x69, 0x6e, 0x69, 0x74, 0x00, 0x53, 0x53, 0x4c, 0x5f, 0x73,
  0x68, 0x75, 0x74, 0x64, 0x6f, 0x77, 0x6e, 0x40, 0x4f, 0x50, 0x45, 0x4e,
  0x53, 0x53, 0x4c, 0x5f, 0x33, 0x2e, 0x30, 0x2e, 0x30, 0x00, 0x6c, 0x69,
  0x73, 0x74, 0x65, 0x6e, 0x40, 0x47, 0x4c, 0x49, 0x42, 0x43, 0x5f, 0x32,
  0x2e, 0x32, 0x2e, 0x35, 0x00, 0x5f, 0x5f, 0x54, 0x4d, 0x43, 0x5f, 0x45,
  0x4e, 0x44, 0x5f, 0x5f, 0x00, 0x63, 0x6c, 0x65, 0x61, 0x6e, 0x75, 0x70,
  0x5f, 0x6f, 0x70, 0x65, 0x6e, 0x73, 0x73, 0x6c, 0x00, 0x65, 0x78, 0x69,
  0x74, 0x40, 0x47, 0x4c, 0x49, 0x42, 0x43, 0x5f, 0x32, 0x2e, 0x32, 0x2e,
  0x35, 0x00, 0x73, 0x74, 0x64, 0x65, 0x72, 0x72, 0x40, 0x47, 0x4c, 0x49,
  0x42, 0x43, 0x5f, 0x32, 0x2e, 0x32, 0x2e, 0x35, 0x00, 0x5f, 0x5f, 0x64,
  0x61, 0x74, 0x61, 0x5f, 0x73, 0x74, 0x61, 0x72, 0x74, 0x00, 0x5f, 0x65,
  0x6e, 0x64, 0x00, 0x70, 0x63, 0x6c, 0x6f, 0x73, 0x65, 0x40, 0x47, 0x4c,
  0x49, 0x42, 0x43, 0x5f, 0x32, 0x2e, 0x32, 0x2e, 0x35, 0x00, 0x53, 0x53,
  0x4c, 0x5f, 0x43, 0x54, 0x58, 0x5f, 0x6e, 0x65, 0x77, 0x40, 0x4f, 0x50,
  0x45, 0x4e, 0x53, 0x53, 0x4c, 0x5f, 0x33, 0x2e, 0x30, 0x2e, 0x30, 0x00,
  0x63, 0x6f, 0x6e, 0x66, 0x69, 0x67, 0x75, 0x72, 0x65, 0x5f, 0x63, 0x6f,
  0x6e, 0x74, 0x65, 0x78, 0x74, 0x00, 0x5f, 0x5f, 0x62, 0x73, 0x73, 0x5f,
  0x73, 0x74, 0x61, 0x72, 0x74, 0x00, 0x66, 0x67, 0x65, 0x74, 0x73, 0x40,
  0x47, 0x4c, 0x49, 0x42, 0x43, 0x5f, 0x32, 0x2e, 0x32, 0x2e, 0x35, 0x00,
  0x53, 0x53, 0x4c, 0x5f, 0x43, 0x54, 0x58, 0x5f, 0x63, 0x68, 0x65, 0x63,
  0x6b, 0x5f, 0x70, 0x72, 0x69, 0x76, 0x61, 0x74, 0x65, 0x5f, 0x6b, 0x65,
  0x79, 0x40, 0x4f, 0x50, 0x45, 0x4e, 0x53, 0x53, 0x4c, 0x5f, 0x33, 0x2e,
  0x30, 0x2e, 0x30, 0x00, 0x5f, 0x49, 0x54, 0x4d, 0x5f, 0x64, 0x65, 0x72,
  0x65, 0x67, 0x69, 0x73, 0x74, 0x65, 0x72, 0x54, 0x4d, 0x43, 0x6c, 0x6f,
  0x6e, 0x65, 0x54, 0x61, 0x62, 0x6c, 0x65, 0x00, 0x73, 0x65, 0x72, 0x76,
  0x65, 0x72, 0x5f, 0x6b, 0x65, 0x79, 0x00, 0x53, 0x53, 0x4c, 0x5f, 0x61,
  0x63, 0x63, 0x65, 0x70, 0x74, 0x40, 0x4f, 0x50, 0x45, 0x4e, 0x53, 0x53,
  0x4c, 0x5f, 0x33, 0x2e, 0x30, 0x2e, 0x30, 0x00, 0x5f, 0x5f, 0x67, 0x6d,
  0x6f, 0x6e, 0x5f, 0x73, 0x74, 0x61, 0x72, 0x74, 0x5f, 0x5f, 0x00, 0x5f,
  0x49, 0x54, 0x4d, 0x5f, 0x72, 0x65, 0x67, 0x69, 0x73, 0x74, 0x65, 0x72,
  0x54, 0x4d, 0x43, 0x6c, 0x6f, 0x6e, 0x65, 0x54, 0x61, 0x62, 0x6c, 0x65,
  0x00, 0x53, 0x53, 0x4c, 0x5f, 0x77, 0x72, 0x69, 0x74, 0x65, 0x40, 0x4f,
  0x50, 0x45, 0x4e, 0x53, 0x53, 0x4c, 0x5f, 0x33, 0x2e, 0x30, 0x2e, 0x30,
  0x00, 0x54, 0x4c, 0x53, 0x5f, 0x73, 0x65, 0x72, 0x76, 0x65, 0x72, 0x5f,
  0x6d, 0x65, 0x74, 0x68, 0x6f, 0x64, 0x40, 0x4f, 0x50, 0x45, 0x4e, 0x53,
  0x53, 0x4c, 0x5f, 0x33, 0x2e, 0x30, 0x2e, 0x30, 0x00, 0x00, 0x2e, 0x73,
  0x79, 0x6d, 0x74, 0x61, 0x62, 0x00, 0x2e, 0x73, 0x74, 0x72, 0x74, 0x61,
  0x62, 0x00, 0x2e, 0x73, 0x68, 0x73, 0x74, 0x72, 0x74, 0x61, 0x62, 0x00,
  0x2e, 0x69, 0x6e, 0x74, 0x65, 0x72, 0x70, 0x00, 0x2e, 0x6e, 0x6f, 0x74,
  0x65, 0x2e, 0x67, 0x6e, 0x75, 0x2e, 0x70, 0x72, 0x6f, 0x70, 0x65, 0x72,
  0x74, 0x79, 0x00, 0x2e, 0x6e, 0x6f, 0x74, 0x65, 0x2e, 0x67, 0x6e, 0x75,
  0x2e, 0x62, 0x75, 0x69, 0x6c, 0x64, 0x2d, 0x69, 0x64, 0x00, 0x2e, 0x6e,
  0x6f, 0x74, 0x65, 0x2e, 0x41, 0x42, 0x49, 0x2d, 0x74, 0x61, 0x67, 0x00,
  0x2e, 0x67, 0x6e, 0x75, 0x2e, 0x68, 0x61, 0x73, 0x68, 0x00, 0x2e, 0x64,
  0x79, 0x6e, 0x73, 0x79, 0x6d, 0x00, 0x2e, 0x64, 0x79, 0x6e, 0x73, 0x74,
  0x72, 0x00, 0x2e, 0x67, 0x6e, 0x75, 0x2e, 0x76, 0x65, 0x72, 0x73, 0x69,
  0x6f, 0x6e, 0x00, 0x2e, 0x67, 0x6e, 0x75, 0x2e, 0x76, 0x65, 0x72, 0x73,
  0x69, 0x6f, 0x6e, 0x5f, 0x72, 0x00, 0x2e, 0x72, 0x65, 0x6c, 0x61, 0x2e,
  0x64, 0x79, 0x6e, 0x00, 0x2e, 0x72, 0x65, 0x6c, 0x61, 0x2e, 0x70, 0x6c,
  0x74, 0x00, 0x2e, 0x69, 0x6e, 0x69, 0x74, 0x00, 0x2e, 0x74, 0x65, 0x78,
  0x74, 0x00, 0x2e, 0x66, 0x69, 0x6e, 0x69, 0x00, 0x2e, 0x72, 0x6f, 0x64,
  0x61, 0x74, 0x61, 0x00, 0x2e, 0x65, 0x68, 0x5f, 0x66, 0x72, 0x61, 0x6d,
  0x65, 0x5f, 0x68, 0x64, 0x72, 0x00, 0x2e, 0x65, 0x68, 0x5f, 0x66, 0x72,
  0x61, 0x6d, 0x65, 0x00, 0x2e, 0x69, 0x6e, 0x69, 0x74, 0x5f, 0x61, 0x72,
  0x72, 0x61, 0x79, 0x00, 0x2e, 0x66, 0x69, 0x6e, 0x69, 0x5f, 0x61, 0x72,
  0x72, 0x61, 0x79, 0x00, 0x2e, 0x64, 0x79, 0x6e, 0x61, 0x6d, 0x69, 0x63,
  0x00, 0x2e, 0x67, 0x6f, 0x74, 0x00, 0x2e, 0x67, 0x6f, 0x74, 0x2e, 0x70,
  0x6c, 0x74, 0x00, 0x2e, 0x64, 0x61, 0x74, 0x61, 0x00, 0x2e, 0x62, 0x73,
  0x73, 0x00, 0x2e, 0x63, 0x6f, 0x6d, 0x6d, 0x65, 0x6e, 0x74, 0x00, 0x2e,
  0x64, 0x65, 0x62, 0x75, 0x67, 0x5f, 0x61, 0x72, 0x61, 0x6e, 0x67, 0x65,
  0x73, 0x00, 0x2e, 0x64, 0x65, 0x62, 0x75, 0x67, 0x5f, 0x69, 0x6e, 0x66,
  0x6f, 0x00, 0x2e, 0x64, 0x65, 0x62, 0x75, 0x67, 0x5f, 0x61, 0x62, 0x62,
  0x72, 0x65, 0x76, 0x00, 0x2e, 0x64, 0x65, 0x62, 0x75, 0x67, 0x5f, 0x6c,
  0x69, 0x6e, 0x65, 0x00, 0x2e, 0x64, 0x65, 0x62, 0x75, 0x67, 0x5f, 0x73,
  0x74, 0x72, 0x00, 0x2e, 0x64, 0x65, 0x62, 0x75, 0x67, 0x5f, 0x6c, 0x69,
  0x6e, 0x65, 0x5f, 0x73, 0x74, 0x72, 0x00, 0x2e, 0x64, 0x65, 0x62, 0x75,
  0x67, 0x5f, 0x72, 0x6e, 0x67, 0x6c, 0x69, 0x73, 0x74, 0x73, 0x00, 0x00,
  0x00, 0x00, 0x00, 0x00, 0x00, 0x00, 0x00, 0x00, 0x00, 0x00, 0x00, 0x00,
  0x00, 0x00, 0x00, 0x00, 0x00, 0x00, 0x00, 0x00, 0x00, 0x00, 0x00, 0x00,
  0x00, 0x00, 0x00, 0x00, 0x00, 0x00, 0x00, 0x00, 0x00, 0x00, 0x00, 0x00,
  0x00, 0x00, 0x00, 0x00, 0x00, 0x00, 0x00, 0x00, 0x00, 0x00, 0x00, 0x00,
  0x00, 0x00, 0x00, 0x00, 0x00, 0x00, 0x00, 0x00, 0x00, 0x00, 0x00, 0x00,
  0x00, 0x00, 0x00, 0x00, 0x1b, 0x00, 0x00, 0x00, 0x01, 0x00, 0x00, 0x00,
  0x02, 0x00, 0x00, 0x00, 0x00, 0x00, 0x00, 0x00, 0x18, 0x03, 0x00, 0x00,
  0x00, 0x00, 0x00, 0x00, 0x18, 0x03, 0x00, 0x00, 0x00, 0x00, 0x00, 0x00,
  0x1c, 0x00, 0x00, 0x00, 0x00, 0x00, 0x00, 0x00, 0x00, 0x00, 0x00, 0x00,
  0x00, 0x00, 0x00, 0x00, 0x01, 0x00, 0x00, 0x00, 0x00, 0x00, 0x00, 0x00,
  0x00, 0x00, 0x00, 0x00, 0x00, 0x00, 0x00, 0x00, 0x23, 0x00, 0x00, 0x00,
  0x07, 0x00, 0x00, 0x00, 0x02, 0x00, 0x00, 0x00, 0x00, 0x00, 0x00, 0x00,
  0x38, 0x03, 0x00, 0x00, 0x00, 0x00, 0x00, 0x00, 0x38, 0x03, 0x00, 0x00,
  0x00, 0x00, 0x00, 0x00, 0x40, 0x00, 0x00, 0x00, 0x00, 0x00, 0x00, 0x00,
  0x00, 0x00, 0x00, 0x00, 0x00, 0x00, 0x00, 0x00, 0x08, 0x00, 0x00, 0x00,
  0x00, 0x00, 0x00, 0x00, 0x00, 0x00, 0x00, 0x00, 0x00, 0x00, 0x00, 0x00,
  0x36, 0x00, 0x00, 0x00, 0x07, 0x00, 0x00, 0x00, 0x02, 0x00, 0x00, 0x00,
  0x00, 0x00, 0x00, 0x00, 0x78, 0x03, 0x00, 0x00, 0x00, 0x00, 0x00, 0x00,
  0x78, 0x03, 0x00, 0x00, 0x00, 0x00, 0x00, 0x00, 0x24, 0x00, 0x00, 0x00,
  0x00, 0x00, 0x00, 0x00, 0x00, 0x00, 0x00, 0x00, 0x00, 0x00, 0x00, 0x00,
  0x04, 0x00, 0x00, 0x00, 0x00, 0x00, 0x00, 0x00, 0x00, 0x00, 0x00, 0x00,
  0x00, 0x00, 0x00, 0x00, 0x49, 0x00, 0x00, 0x00, 0x07, 0x00, 0x00, 0x00,
  0x02, 0x00, 0x00, 0x00, 0x00, 0x00, 0x00, 0x00, 0x9c, 0x03, 0x00, 0x00,
  0x00, 0x00, 0x00, 0x00, 0x9c, 0x03, 0x00, 0x00, 0x00, 0x00, 0x00, 0x00,
  0x20, 0x00, 0x00, 0x00, 0x00, 0x00, 0x00, 0x00, 0x00, 0x00, 0x00, 0x00,
  0x00, 0x00, 0x00, 0x00, 0x04, 0x00, 0x00, 0x00, 0x00, 0x00, 0x00, 0x00,
  0x00, 0x00, 0x00, 0x00, 0x00, 0x00, 0x00, 0x00, 0x57, 0x00, 0x00, 0x00,
  0xf6, 0xff, 0xff, 0x6f, 0x02, 0x00, 0x00, 0x00, 0x00, 0x00, 0x00, 0x00,
  0xc0, 0x03, 0x00, 0x00, 0x00, 0x00, 0x00, 0x00, 0xc0, 0x03, 0x00, 0x00,
  0x00, 0x00, 0x00, 0x00, 0x24, 0x00, 0x00, 0x00, 0x00, 0x00, 0x00, 0x00,
  0x06, 0x00, 0x00, 0x00, 0x00, 0x00, 0x00, 0x00, 0x08, 0x00, 0x00, 0x00,
  0x00, 0x00, 0x00, 0x00, 0x00, 0x00, 0x00, 0x00, 0x00, 0x00, 0x00, 0x00,
  0x61, 0x00, 0x00, 0x00, 0x0b, 0x00, 0x00, 0x00, 0x02, 0x00, 0x00, 0x00,
  0x00, 0x00, 0x00, 0x00, 0xe8, 0x03, 0x00, 0x00, 0x00, 0x00, 0x00, 0x00,
  0xe8, 0x03, 0x00, 0x00, 0x00, 0x00, 0x00, 0x00, 0x78, 0x03, 0x00, 0x00,
  0x00, 0x00, 0x00, 0x00, 0x07, 0x00, 0x00, 0x00, 0x01, 0x00, 0x00, 0x00,
  0x08, 0x00, 0x00, 0x00, 0x00, 0x00, 0x00, 0x00, 0x18, 0x00, 0x00, 0x00,
  0x00, 0x00, 0x00, 0x00, 0x69, 0x00, 0x00, 0x00, 0x03, 0x00, 0x00, 0x00,
  0x02, 0x00, 0x00, 0x00, 0x00, 0x00, 0x00, 0x00, 0x60, 0x07, 0x00, 0x00,
  0x00, 0x00, 0x00, 0x00, 0x60, 0x07, 0x00, 0x00, 0x00, 0x00, 0x00, 0x00,
  0x09, 0x02, 0x00, 0x00, 0x00, 0x00, 0x00, 0x00, 0x00, 0x00, 0x00, 0x00,
  0x00, 0x00, 0x00, 0x00, 0x01, 0x00, 0x00, 0x00, 0x00, 0x00, 0x00, 0x00,
  0x00, 0x00, 0x00, 0x00, 0x00, 0x00, 0x00, 0x00, 0x71, 0x00, 0x00, 0x00,
  0xff, 0xff, 0xff, 0x6f, 0x02, 0x00, 0x00, 0x00, 0x00, 0x00, 0x00, 0x00,
  0x6a, 0x09, 0x00, 0x00, 0x00, 0x00, 0x00, 0x00, 0x6a, 0x09, 0x00, 0x00,
  0x00, 0x00, 0x00, 0x00, 0x4a, 0x00, 0x00, 0x00, 0x00, 0x00, 0x00, 0x00,
  0x06, 0x00, 0x00, 0x00, 0x00, 0x00, 0x00, 0x00, 0x02, 0x00, 0x00, 0x00,
  0x00, 0x00, 0x00, 0x00, 0x02, 0x00, 0x00, 0x00, 0x00, 0x00, 0x00, 0x00,
  0x7e, 0x00, 0x00, 0x00, 0xfe, 0xff, 0xff, 0x6f, 0x02, 0x00, 0x00, 0x00,
  0x00, 0x00, 0x00, 0x00, 0xb8, 0x09, 0x00, 0x00, 0x00, 0x00, 0x00, 0x00,
  0xb8, 0x09, 0x00, 0x00, 0x00, 0x00, 0x00, 0x00, 0x80, 0x00, 0x00, 0x00,
  0x00, 0x00, 0x00, 0x00, 0x07, 0x00, 0x00, 0x00, 0x03, 0x00, 0x00, 0x00,
  0x08, 0x00, 0x00, 0x00, 0x00, 0x00, 0x00, 0x00, 0x00, 0x00, 0x00, 0x00,
  0x00, 0x00, 0x00, 0x00, 0x8d, 0x00, 0x00, 0x00, 0x04, 0x00, 0x00, 0x00,
  0x02, 0x00, 0x00, 0x00, 0x00, 0x00, 0x00, 0x00, 0x38, 0x0a, 0x00, 0x00,
  0x00, 0x00, 0x00, 0x00, 0x38, 0x0a, 0x00, 0x00, 0x00, 0x00, 0x00, 0x00,
  0xd8, 0x00, 0x00, 0x00, 0x00, 0x00, 0x00, 0x00, 0x06, 0x00, 0x00, 0x00,
  0x00, 0x00, 0x00, 0x00, 0x08, 0x00, 0x00, 0x00, 0x00, 0x00, 0x00, 0x00,
  0x18, 0x00, 0x00, 0x00, 0x00, 0x00, 0x00, 0x00, 0x97, 0x00, 0x00, 0x00,
  0x04, 0x00, 0x00, 0x00, 0x42, 0x00, 0x00, 0x00, 0x00, 0x00, 0x00, 0x00,
  0x10, 0x0b, 0x00, 0x00, 0x00, 0x00, 0x00, 0x00, 0x10, 0x0b, 0x00, 0x00,
  0x00, 0x00, 0x00, 0x00, 0xd0, 0x02, 0x00, 0x00, 0x00, 0x00, 0x00, 0x00,
  0x06, 0x00, 0x00, 0x00, 0x17, 0x00, 0x00, 0x00, 0x08, 0x00, 0x00, 0x00,
  0x00, 0x00, 0x00, 0x00, 0x18, 0x00, 0x00, 0x00, 0x00, 0x00, 0x00, 0x00,
  0xa1, 0x00, 0x00, 0x00, 0x01, 0x00, 0x00, 0x00, 0x06, 0x00, 0x00, 0x00,
  0x00, 0x00, 0x00, 0x00, 0x00, 0x10, 0x00, 0x00, 0x00, 0x00, 0x00, 0x00,
  0x00, 0x10, 0x00, 0x00, 0x00, 0x00, 0x00, 0x00, 0x1b, 0x00, 0x00, 0x00,
  0x00, 0x00, 0x00, 0x00, 0x00, 0x00, 0x00, 0x00, 0x00, 0x00, 0x00, 0x00,
  0x04, 0x00, 0x00, 0x00, 0x00, 0x00, 0x00, 0x00, 0x00, 0x00, 0x00, 0x00,
  0x00, 0x00, 0x00, 0x00, 0x9c, 0x00, 0x00, 0x00, 0x01, 0x00, 0x00, 0x00,
  0x06, 0x00, 0x00, 0x00, 0x00, 0x00, 0x00, 0x00, 0x20, 0x10, 0x00, 0x00,
  0x00, 0x00, 0x00, 0x00, 0x20, 0x10, 0x00, 0x00, 0x00, 0x00, 0x00, 0x00,
  0xf0, 0x01, 0x00, 0x00, 0x00, 0x00, 0x00, 0x00, 0x00, 0x00, 0x00, 0x00,
  0x00, 0x00, 0x00, 0x00, 0x10, 0x00, 0x00, 0x00, 0x00, 0x00, 0x00, 0x00,
  0x10, 0x00, 0x00, 0x00, 0x00, 0x00, 0x00, 0x00, 0xa7, 0x00, 0x00, 0x00,
  0x01, 0x00, 0x00, 0x00, 0x06, 0x00, 0x00, 0x00, 0x00, 0x00, 0x00, 0x00,
  0x10, 0x12, 0x00, 0x00, 0x00, 0x00, 0x00, 0x00, 0x10, 0x12, 0x00, 0x00,
  0x00, 0x00, 0x00, 0x00, 0x8e, 0x05, 0x00, 0x00, 0x00, 0x00, 0x00, 0x00,
  0x00, 0x00, 0x00, 0x00, 0x00, 0x00, 0x00, 0x00, 0x10, 0x00, 0x00, 0x00,
  0x00, 0x00, 0x00, 0x00, 0x00, 0x00, 0x00, 0x00, 0x00, 0x00, 0x00, 0x00,
  0xad, 0x00, 0x00, 0x00, 0x01, 0x00, 0x00, 0x00, 0x06, 0x00, 0x00, 0x00,
  0x00, 0x00, 0x00, 0x00, 0xa0, 0x17, 0x00, 0x00, 0x00, 0x00, 0x00, 0x00,
  0xa0, 0x17, 0x00, 0x00, 0x00, 0x00, 0x00, 0x00, 0x0d, 0x00, 0x00, 0x00,
  0x00, 0x00, 0x00, 0x00, 0x00, 0x00, 0x00, 0x00, 0x00, 0x00, 0x00, 0x00,
  0x04, 0x00, 0x00, 0x00, 0x00, 0x00, 0x00, 0x00, 0x00, 0x00, 0x00, 0x00,
  0x00, 0x00, 0x00, 0x00, 0xb3, 0x00, 0x00, 0x00, 0x01, 0x00, 0x00, 0x00,
  0x02, 0x00, 0x00, 0x00, 0x00, 0x00, 0x00, 0x00, 0x00, 0x20, 0x00, 0x00,
  0x00, 0x00, 0x00, 0x00, 0x00, 0x20, 0x00, 0x00, 0x00, 0x00, 0x00, 0x00,
  0x5e, 0x00, 0x00, 0x00, 0x00, 0x00, 0x00, 0x00, 0x00, 0x00, 0x00, 0x00,
  0x00, 0x00, 0x00, 0x00, 0x04, 0x00, 0x00, 0x00, 0x00, 0x00, 0x00, 0x00,
  0x00, 0x00, 0x00, 0x00, 0x00, 0x00, 0x00, 0x00, 0xbb, 0x00, 0x00, 0x00,
  0x01, 0x00, 0x00, 0x00, 0x02, 0x00, 0x00, 0x00, 0x00, 0x00, 0x00, 0x00,
  0x60, 0x20, 0x00, 0x00, 0x00, 0x00, 0x00, 0x00, 0x60, 0x20, 0x00, 0x00,
  0x00, 0x00, 0x00, 0x00, 0x4c, 0x00, 0x00, 0x00, 0x00, 0x00, 0x00, 0x00,
  0x00, 0x00, 0x00, 0x00, 0x00, 0x00, 0x00, 0x00, 0x04, 0x00, 0x00, 0x00,
  0x00, 0x00, 0x00, 0x00, 0x00, 0x00, 0x00, 0x00, 0x00, 0x00, 0x00, 0x00,
  0xc9, 0x00, 0x00, 0x00, 0x01, 0x00, 0x00, 0x00, 0x02, 0x00, 0x00, 0x00,
  0x00, 0x00, 0x00, 0x00, 0xb0, 0x20, 0x00, 0x00, 0x00, 0x00, 0x00, 0x00,
  0xb0, 0x20, 0x00, 0x00, 0x00, 0x00, 0x00, 0x00, 0x18, 0x01, 0x00, 0x00,
  0x00, 0x00, 0x00, 0x00, 0x00, 0x00, 0x00, 0x00, 0x00, 0x00, 0x00, 0x00,
  0x08, 0x00, 0x00, 0x00, 0x00, 0x00, 0x00, 0x00, 0x00, 0x00, 0x00, 0x00,
  0x00, 0x00, 0x00, 0x00, 0xd3, 0x00, 0x00, 0x00, 0x0e, 0x00, 0x00, 0x00,
  0x03, 0x00, 0x00, 0x00, 0x00, 0x00, 0x00, 0x00, 0xb0, 0x3d, 0x00, 0x00,
  0x00, 0x00, 0x00, 0x00, 0xb0, 0x2d, 0x00, 0x00, 0x00, 0x00, 0x00, 0x00,
  0x08, 0x00, 0x00, 0x00, 0x00, 0x00, 0x00, 0x00, 0x00, 0x00, 0x00, 0x00,
  0x00, 0x00, 0x00, 0x00, 0x08, 0x00, 0x00, 0x00, 0x00, 0x00, 0x00, 0x00,
  0x08, 0x00, 0x00, 0x00, 0x00, 0x00, 0x00, 0x00, 0xdf, 0x00, 0x00, 0x00,
  0x0f, 0x00, 0x00, 0x00, 0x03, 0x00, 0x00, 0x00, 0x00, 0x00, 0x00, 0x00,
  0xb8, 0x3d, 0x00, 0x00, 0x00, 0x00, 0x00, 0x00, 0xb8, 0x2d, 0x00, 0x00,
  0x00, 0x00, 0x00, 0x00, 0x08, 0x00, 0x00, 0x00, 0x00, 0x00, 0x00, 0x00,
  0x00, 0x00, 0x00, 0x00, 0x00, 0x00, 0x00, 0x00, 0x08, 0x00, 0x00, 0x00,
  0x00, 0x00, 0x00, 0x00, 0x08, 0x00, 0x00, 0x00, 0x00, 0x00, 0x00, 0x00,
  0xeb, 0x00, 0x00, 0x00, 0x06, 0x00, 0x00, 0x00, 0x03, 0x00, 0x00, 0x00,
  0x00, 0x00, 0x00, 0x00, 0xc0, 0x3d, 0x00, 0x00, 0x00, 0x00, 0x00, 0x00,
  0xc0, 0x2d, 0x00, 0x00, 0x00, 0x00, 0x00, 0x00, 0x00, 0x02, 0x00, 0x00,
  0x00, 0x00, 0x00, 0x00, 0x07, 0x00, 0x00, 0x00, 0x00, 0x00, 0x00, 0x00,
  0x08, 0x00, 0x00, 0x00, 0x00, 0x00, 0x00, 0x00, 0x10, 0x00, 0x00, 0x00,
  0x00, 0x00, 0x00, 0x00, 0xf4, 0x00, 0x00, 0x00, 0x01, 0x00, 0x00, 0x00,
  0x03, 0x00, 0x00, 0x00, 0x00, 0x00, 0x00, 0x00, 0xc0, 0x3f, 0x00, 0x00,
  0x00, 0x00, 0x00, 0x00, 0xc0, 0x2f, 0x00, 0x00, 0x00, 0x00, 0x00, 0x00,
  0x28, 0x00, 0x00, 0x00, 0x00, 0x00, 0x00, 0x00, 0x00, 0x00, 0x00, 0x00,
  0x00, 0x00, 0x00, 0x00, 0x08, 0x00, 0x00, 0x00, 0x00, 0x00, 0x00, 0x00,
  0x08, 0x00, 0x00, 0x00, 0x00, 0x00, 0x00, 0x00, 0xf9, 0x00, 0x00, 0x00,
  0x01, 0x00, 0x00, 0x00, 0x03, 0x00, 0x00, 0x00, 0x00, 0x00, 0x00, 0x00,
  0xe8, 0x3f, 0x00, 0x00, 0x00, 0x00, 0x00, 0x00, 0xe8, 0x2f, 0x00, 0x00,
  0x00, 0x00, 0x00, 0x00, 0x08, 0x01, 0x00, 0x00, 0x00, 0x00, 0x00, 0x00,
  0x00, 0x00, 0x00, 0x00, 0x00, 0x00, 0x00, 0x00, 0x08, 0x00, 0x00, 0x00,
  0x00, 0x00, 0x00, 0x00, 0x08, 0x00, 0x00, 0x00, 0x00, 0x00, 0x00, 0x00,
  0x02, 0x01, 0x00, 0x00, 0x01, 0x00, 0x00, 0x00, 0x03, 0x00, 0x00, 0x00,
  0x00, 0x00, 0x00, 0x00, 0x00, 0x41, 0x00, 0x00, 0x00, 0x00, 0x00, 0x00,
  0x00, 0x31, 0x00, 0x00, 0x00, 0x00, 0x00, 0x00, 0x48, 0x08, 0x00, 0x00,
  0x00, 0x00, 0x00, 0x00, 0x00, 0x00, 0x00, 0x00, 0x00, 0x00, 0x00, 0x00,
  0x20, 0x00, 0x00, 0x00, 0x00, 0x00, 0x00, 0x00, 0x00, 0x00, 0x00, 0x00,
  0x00, 0x00, 0x00, 0x00, 0x08, 0x01, 0x00, 0x00, 0x08, 0x00, 0x00, 0x00,
  0x03, 0x00, 0x00, 0x00, 0x00, 0x00, 0x00, 0x00, 0x60, 0x49, 0x00, 0x00,
  0x00, 0x00, 0x00, 0x00, 0x48, 0x39, 0x00, 0x00, 0x00, 0x00, 0x00, 0x00,
  0x10, 0x00, 0x00, 0x00, 0x00, 0x00, 0x00, 0x00, 0x00, 0x00, 0x00, 0x00,
  0x00, 0x00, 0x00, 0x00, 0x20, 0x00, 0x00, 0x00, 0x00, 0x00, 0x00, 0x00,
  0x00, 0x00, 0x00, 0x00, 0x00, 0x00, 0x00, 0x00, 0x0d, 0x01, 0x00, 0x00,
  0x01, 0x00, 0x00, 0x00, 0x30, 0x00, 0x00, 0x00, 0x00, 0x00, 0x00, 0x00,
  0x00, 0x00, 0x00, 0x00, 0x00, 0x00, 0x00, 0x00, 0x48, 0x39, 0x00, 0x00,
  0x00, 0x00, 0x00, 0x00, 0x36, 0x00, 0x00, 0x00, 0x00, 0x00, 0x00, 0x00,
  0x00, 0x00, 0x00, 0x00, 0x00, 0x00, 0x00, 0x00, 0x01, 0x00, 0x00, 0x00,
  0x00, 0x00, 0x00, 0x00, 0x01, 0x00, 0x00, 0x00, 0x00, 0x00, 0x00, 0x00,
  0x16, 0x01, 0x00, 0x00, 0x01, 0x00, 0x00, 0x00, 0x00, 0x00, 0x00, 0x00,
  0x00, 0x00, 0x00, 0x00, 0x00, 0x00, 0x00, 0x00, 0x00, 0x00, 0x00, 0x00,
  0x7e, 0x39, 0x00, 0x00, 0x00, 0x00, 0x00, 0x00, 0x70, 0x00, 0x00, 0x00,
  0x00, 0x00, 0x00, 0x00, 0x00, 0x00, 0x00, 0x00, 0x00, 0x00, 0x00, 0x00,
  0x01, 0x00, 0x00, 0x00, 0x00, 0x00, 0x00, 0x00, 0x00, 0x00, 0x00, 0x00,
  0x00, 0x00, 0x00, 0x00, 0x25, 0x01, 0x00, 0x00, 0x01, 0x00, 0x00, 0x00,
  0x00, 0x00, 0x00, 0x00, 0x00, 0x00, 0x00, 0x00, 0x00, 0x00, 0x00, 0x00,
  0x00, 0x00, 0x00, 0x00, 0xee, 0x39, 0x00, 0x00, 0x00, 0x00, 0x00, 0x00,
  0x9e, 0x0a, 0x00, 0x00, 0x00, 0x00, 0x00, 0x00, 0x00, 0x00, 0x00, 0x00,
  0x00, 0x00, 0x00, 0x00, 0x01, 0x00, 0x00, 0x00, 0x00, 0x00, 0x00, 0x00,
  0x00, 0x00, 0x00, 0x00, 0x00, 0x00, 0x00, 0x00, 0x31, 0x01, 0x00, 0x00,
  0x01, 0x00, 0x00, 0x00, 0x00, 0x00, 0x00, 0x00, 0x00, 0x00, 0x00, 0x00,
  0x00, 0x00, 0x00, 0x00, 0x00, 0x00, 0x00, 0x00, 0x8c, 0x44, 0x00, 0x00,
  0x00, 0x00, 0x00, 0x00, 0xbc, 0x02, 0x00, 0x00, 0x00, 0x00, 0x00, 0x00,
  0x00, 0x00, 0x00, 0x00, 0x00, 0x00, 0x00, 0x00, 0x01, 0x00, 0x00, 0x00,
  0x00, 0x00, 0x00, 0x00, 0x00, 0x00, 0x00, 0x00, 0x00, 0x00, 0x00, 0x00,
  0x3f, 0x01, 0x00, 0x00, 0x01, 0x00, 0x00, 0x00, 0x00, 0x00, 0x00, 0x00,
  0x00, 0x00, 0x00, 0x00, 0x00, 0x00, 0x00, 0x00, 0x00, 0x00, 0x00, 0x00,
  0x48, 0x47, 0x00, 0x00, 0x00, 0x00, 0x00, 0x00, 0x6f, 0x02, 0x00, 0x00,
  0x00, 0x00, 0x00, 0x00, 0x00, 0x00, 0x00, 0x00, 0x00, 0x00, 0x00, 0x00,
  0x01, 0x00, 0x00, 0x00, 0x00, 0x00, 0x00, 0x00, 0x00, 0x00, 0x00, 0x00,
  0x00, 0x00, 0x00, 0x00, 0x4b, 0x01, 0x00, 0x00, 0x01, 0x00, 0x00, 0x00,
  0x30, 0x00, 0x00, 0x00, 0x00, 0x00, 0x00, 0x00, 0x00, 0x00, 0x00, 0x00,
  0x00, 0x00, 0x00, 0x00, 0xb7, 0x49, 0x00, 0x00, 0x00, 0x00, 0x00, 0x00,
  0x87, 0x05, 0x00, 0x00, 0x00, 0x00, 0x00, 0x00, 0x00, 0x00, 0x00, 0x00,
  0x00, 0x00, 0x00, 0x00, 0x01, 0x00, 0x00, 0x00, 0x00, 0x00, 0x00, 0x00,
  0x01, 0x00, 0x00, 0x00, 0x00, 0x00, 0x00, 0x00, 0x56, 0x01, 0x00, 0x00,
  0x01, 0x00, 0x00, 0x00, 0x30, 0x00, 0x00, 0x00, 0x00, 0x00, 0x00, 0x00,
  0x00, 0x00, 0x00, 0x00, 0x00, 0x00, 0x00, 0x00, 0x3e, 0x4f, 0x00, 0x00,
  0x00, 0x00, 0x00, 0x00, 0x74, 0x01, 0x00, 0x00, 0x00, 0x00, 0x00, 0x00,
  0x00, 0x00, 0x00, 0x00, 0x00, 0x00, 0x00, 0x00, 0x01, 0x00, 0x00, 0x00,
  0x00, 0x00, 0x00, 0x00, 0x01, 0x00, 0x00, 0x00, 0x00, 0x00, 0x00, 0x00,
  0x66, 0x01, 0x00, 0x00, 0x01, 0x00, 0x00, 0x00, 0x00, 0x00, 0x00, 0x00,
  0x00, 0x00, 0x00, 0x00, 0x00, 0x00, 0x00, 0x00, 0x00, 0x00, 0x00, 0x00,
  0xb2, 0x50, 0x00, 0x00, 0x00, 0x00, 0x00, 0x00, 0x17, 0x00, 0x00, 0x00,
  0x00, 0x00, 0x00, 0x00, 0x00, 0x00, 0x00, 0x00, 0x00, 0x00, 0x00, 0x00,
  0x01, 0x00, 0x00, 0x00, 0x00, 0x00, 0x00, 0x00, 0x00, 0x00, 0x00, 0x00,
  0x00, 0x00, 0x00, 0x00, 0x01, 0x00, 0x00, 0x00, 0x02, 0x00, 0x00, 0x00,
  0x00, 0x00, 0x00, 0x00, 0x00, 0x00, 0x00, 0x00, 0x00, 0x00, 0x00, 0x00,
  0x00, 0x00, 0x00, 0x00, 0xd0, 0x50, 0x00, 0x00, 0x00, 0x00, 0x00, 0x00,
  0x18, 0x06, 0x00, 0x00, 0x00, 0x00, 0x00, 0x00, 0x23, 0x00, 0x00, 0x00,
  0x08, 0x00, 0x00, 0x00, 0x08, 0x00, 0x00, 0x00, 0x00, 0x00, 0x00, 0x00,
  0x18, 0x00, 0x00, 0x00, 0x00, 0x00, 0x00, 0x00, 0x09, 0x00, 0x00, 0x00,
  0x03, 0x00, 0x00, 0x00, 0x00, 0x00, 0x00, 0x00, 0x00, 0x00, 0x00, 0x00,
  0x00, 0x00, 0x00, 0x00, 0x00, 0x00, 0x00, 0x00, 0xe8, 0x56, 0x00, 0x00,
  0x00, 0x00, 0x00, 0x00, 0x89, 0x04, 0x00, 0x00, 0x00, 0x00, 0x00, 0x00,
  0x00, 0x00, 0x00, 0x00, 0x00, 0x00, 0x00, 0x00, 0x01, 0x00, 0x00, 0x00,
  0x00, 0x00, 0x00, 0x00, 0x00, 0x00, 0x00, 0x00, 0x00, 0x00, 0x00, 0x00,
  0x11, 0x00, 0x00, 0x00, 0x03, 0x00, 0x00, 0x00, 0x00, 0x00, 0x00, 0x00,
  0x00, 0x00, 0x00, 0x00, 0x00, 0x00, 0x00, 0x00, 0x00, 0x00, 0x00, 0x00,
  0x71, 0x5b, 0x00, 0x00, 0x00, 0x00, 0x00, 0x00, 0x76, 0x01, 0x00, 0x00,
  0x00, 0x00, 0x00, 0x00, 0x00, 0x00, 0x00, 0x00, 0x00, 0x00, 0x00, 0x00,
  0x01, 0x00, 0x00, 0x00, 0x00, 0x00, 0x00, 0x00, 0x00, 0x00, 0x00, 0x00,
  0x00, 0x00, 0x00, 0x00
};
unsigned int prog2_len = 26152;
